ARR_-	ARR_2.1_HQ141279	ARR_3.1_JF806499	ARR_3.4_FM207631	ARR_6.3_JF922883
ARR_4	ARR_4.1_EF660562
ARR_5	ARR_5.1_EF660563
ARR_6	ARR_6.1_FM955585	ARR_6.2_FM897214
ARR_7	ARR_7.1_FN397623
EstDL136	EstDL136.1_JN242251
VanA	VanA.bc_1_Y15704
VanC2	VanC2.1_L29638
VanH	VanH.bc_1_Y15705
VanXY	VanXY.C2_1_AY033089
aacA43	aacA43.1_HQ247816
aac_2___IIa	aac_2___IIa.1_AB669090
aac_2___Ia	aac_2___Ia.1_L06156
aac_2___Ib	aac_2___Ib.1_U41471
aac_2___Ic	aac_2___Ic.1_U72714
aac_2___Id	aac_2___Id.1_U72743
aac_2___Ie	aac_2___Ie.1_NC011896
aac_3__I-	aac_3__I.1_AJ877225	aac_3__Ia.1_X15852
aac_3__II-	aac_3__IIa.1_X51534	aac_3__IIa.2_AY138987	aac_3__IIa.3_X13543	aac_3__IIa.4_L22613	aac_3__IIa.5_FJ012882	aac_3__IIc.1_X54723	aac_3__IId.1_EU022314	aac_3__IIe.1_EU022315
aac_3__IIIa	aac_3__IIIa.1_X55652
aac_3__IIIb	aac_3__IIIb.1_L06160	aac_3__IIIb.2_LLLC01000048
aac_3__IIIc	aac_3__IIIc.1_L06161
aac_3__IIb	aac_3__IIb.1_M97172
aac_3__IV-	aac_3__IV.1_DQ241380	aac_3__IVa.1_X01385
aac_3__IXa	aac_3__IXa.1_M55427
aac_3__Ib	aac_3__Ib.1_L06157
aac_3__Ib_aac_6___Ib_	aac_3__Ib_aac_6___Ib_.1_AF355189
aac_3__Ic	aac_3__Ic.1_AJ511268
aac_3__Id	aac_3__Id.1_AB114632
aac_3__If	aac_3__If.1_AY884051
aac_3__Ig	aac_3__Ig.1_CP000282
aac_3__Ih	aac_3__Ih.1_CP000490
aac_3__Ii	aac_3__Ii.1_CP000356
aac_3__VIII	aac_3__VIII.3_AJ748131
aac_3__VIII-	aac_3__VIII.1_AB211959	aac_3__VIII.2_AJ843080	aac_3__VIIIa.1_M55426
aac_3__VIIa	aac_3__VIIa.1_M22999
aac_3__VIa	aac_3__VIa.1_M88012	aac_3__VIa.2_NC_009838
aac_3__XI	aac_3__XI.1_CTEG01000046
aac_3__Xa	aac_3__Xa.1_AB028210
aac_6___-	aac_6___33.1_GQ337064	aac_6___I30.1_AY289608
aac_6___30_aac_6___Ib_	aac_6___30_aac_6___Ib_.1_AJ584652
aac_6___31	aac_6___31.1_AM283489
aac_6___32	aac_6___32.1_EF614235
aac_6___I-	aac_6___Iaf.1_AB462903	aac_6___Ip.1_Z54241	aac_6___Iq.1_AF047556
aac_6___I-_1	aac_6___Ih.1_L29044	aac_6___Ih.2_KT778788	aac_6___It.1_AF031328	aac_6___Iv.1_AF031330
aac_6___I-_2	aac_6___Is.1_AF031327	aac_6___Iu.1_AF031329	aac_6___Ix.1_AF031332
aac_6___IIa	aac_6___IIa.1_M29695
aac_6___IIb	aac_6___IIb.1_L06163
aac_6___IIc	aac_6___IIc.1_NC_012555
aac_6___Ia	aac_6___Ia.1_M18967	aac_6___Ia.2_M86913
aac_6___Iaa	aac_6___Iaa.1_NC_003197
aac_6___Iad	aac_6___Iad.1_AB119105
aac_6___Iae	aac_6___Iae.1_AB104852
aac_6___Iag	aac_6___Iag.1_AB472901
aac_6___Iai	aac_6___Iai.1_EU886977
aac_6___Iaj	aac_6___Iaj.1_AB709942
aac_6___Iak	aac_6___Iak.1_AB894482
aac_6___Ian	aac_6___Ian.1_AP014611
aac_6___Ib_cr+	aac_6___Ib.1_M21682	aac_6___Ib.2_M23634	aac_6___Ib11.1_AY136758	aac_6___Ib3.1_X60321	aac_6___Ib_Hangzhou.1_FJ503047	aac_6___Ib_Suzhou.1_EU085533	aac_6___Ib_cr.1_DQ303918	aac_6___Ib_cr.1_DQ303918_2	aac_6___Ib_cr.2_EF636461	aac_6___Ib_cr.2_EF636461_2	aadA10.2_AM087405	aadA11.1_AY144590	aadA6.1_AF140629	ant_3____Ii_aac_6___IId.1_AF453998
aac_6___Ic	aac_6___Ic.1_M94066
aac_6___If	aac_6___If.1_X55353
aac_6___Ig	aac_6___Ig.1_L09246
aac_6___Ii	aac_6___Ii.1_L12710
aac_6___Iid	aac_6___Iid.1_AJ584700
aac_6___Iih	aac_6___Iih.1_AJ584701
aac_6___Ij	aac_6___Ij.1_L29045
aac_6___Ik	aac_6___Ik.1_L29510
aac_6___Il	aac_6___Il.1_U13880
aac_6___Im	aac_6___Im.1_AF337947
aac_6___Ir	aac_6___Ir.1_AF031326
aac_6___Isa	aac_6___Isa.1_AB116646
aac_6___Iw	aac_6___Iw.1_AF031331
aac_6___Iz	aac_6___Iz.1_AF140221	aac_6___Iz.2_AB971834
aadA-	aadA11.2_AJ567827	aadA12.1_AY665771	aadA15.1_DQ393783	aadA17.1_FJ460181	aadA2.1_NC_010870	aadA2.2_JQ364967	aadA2b.1_D43625	aadA3.1_AF047479
aadA-_1	aadA4.1_Z50802	aadA5.1_AF137361
aadA1+	aadA1.2_FJ591054	aadA1.3_JQ414041	aadA1.4_JQ480156	aadA1.5_JX185132	aadA1b.1_M95287	aadA21.1_AY171244	aadA22.1_AM261837	aadA23.1_AJ809407	aadA24.1_AM711129	aadA24.1_DQ677333	aadA8.1_AF326210	aadA8b.1_AY139603	aadA8b.2_AM040708	ant_3____Ia.1_X02340
aadA10	aadA10.1_U37105
aadA13	aadA13.1_AY713504	aadA13.2_NC010643
aadA14	aadA14.1_AJ884726
aadA16	aadA16.1_EU675686
aadA7	aadA7.1_AF224733	aadA7.2_AB114632
aadA9	aadA9.1_AJ420072
aadD	aadD.1_AF181950	aadD.2_M19465	aadD.2_M19465_2
aadE_Cc	aadE_Cc.1_CP013733
aadK	aadK.1_M26879
amp-	ampH.1_AJ276031	ampH.2_HQ586946	ampS.1_X80276
ant_2____Ia	ant_2____Ia.10_HM367617	ant_2____Ia.11_HM367620	ant_2____Ia.12_HQ880250	ant_2____Ia.13_DQ176450	ant_2____Ia.14_DQ266447	ant_2____Ia.15_EF205594	ant_2____Ia.16_HQ386848	ant_2____Ia.17_JTTZ01000034	ant_2____Ia.19_GQ466184	ant_2____Ia.1_X04555	ant_2____Ia.20_AY139599	ant_2____Ia.2_JF826500	ant_2____Ia.3_X74412	ant_2____Ia.4_AF458082	ant_2____Ia.5_AY139594	ant_2____Ia.6_AJ871915	ant_2____Ia.7_DQ018384	ant_2____Ia.8_AY920928	ant_2____Ia.9_HM367610
ant_4___IIa	ant_4___IIa.1_M98270
ant_4___IIb	ant_4___IIb.1_AY114142
ant_4___Ib	ant_4___Ib.1_AJ506108
ant_6__Ia	ant_6__Ia.1_AF330699	ant_6__Ia.5_AB247327
ant_6__Ia_1	ant_6__Ia.3_KF864551
ant_6__Ia_2	ant_6__Ia.2_KF421157
ant_6__Ib	ant_6__Ib.1_FN594949
ant_9__Ia	ant_9__Ia.1_X02588
ant_9__Ia_1	ant_9__Ia.2_M69221
aph_2____I-	aph_2____Id.1_AF016483	aph_2____Ie.1_AY743255
aph_2____Ia+	aac_6___aph_2___.1_M13771	aph_2____Ia.2_AP009486	aph_2____Ia.3_AJ536195
aph_2____Ib	aph_2____Ib.1_AF337947	aph_2____Ib.2_AF207840	aph_2____Ib.3_KF652098
aph_2____Ic	aph_2____Ic.1_U51479
aph_2____If	aph_2____If.1_KF652097	aph_2____If.2_AY701528
aph_2____Ig	aph_2____Ig.1_CP004067
aph_2____Ih	aph_2____Ih.1_KF652096
aph_3___III-	aph_3___III.1_M26832	aph_3___IIIa.1_AF330699	aph_3___IIIa.2_AJ490186	aph_3___IIIa.3_AB247327
aph_3___IIa	aph_3___IIa.1_X57709	aph_3___IIa.2_V00618
aph_3___IIb	aph_3___IIb.1_X90856	aph_3___IIb.2_CP006832
aph_3___IIc	aph_3___IIc.1_AM743169
aph_3___IV	aph_3___IV.1_X03364
aph_3___IX	aph_3___IX.1_APPN01000061
aph_3___Ia	aph_3___Ia.10_EU855787	aph_3___Ia.1_V00359	aph_3___Ia.2_EU287476	aph_3___Ia.3_EF015636	aph_3___Ia.4_AF498082	aph_3___Ia.5_AP004237	aph_3___Ia.6_L05392	aph_3___Ia.7_X62115	aph_3___Ia.8_Y00452	aph_3___Ia.9_EU722351
aph_3___Ib	aph_3___Ib.1_M20305	aph_3___Ib.2_AJ744860
aph_3___Id	aph_3___Id.1_Z48231
aph_3___VI-	aph_3___VI.1_KC170992	aph_3___VI.2_APPJ01000012	aph_3___VIa.1_X07753	aph_3___VIb.1_AJ627643
aph_3___VIII	aph_3___VIII.1_ATGI01000028
aph_3___VIIa	aph_3___VIIa.1_M29953
aph_3___Va	aph_3___Va.1_K00432	aph_3___Va.2_AB211959
aph_3___Vb	aph_3___Vb.1_M22126	aph_3___Vb.2_AJ744850
aph_3___Vc	aph_3___Vc.1_S81599
aph_3___XV	aph_3___XV.1_Y18050	aph_3___XV.2_GQ626879	aph_3___XV.3_EU165039
aph_3____Ia	aph_3____Ia.1_X53527	aph_3____Ia.2_AP009493	aph_3____Ia.3_M37378
aph_3____Ib	aph_3____Ib.1_M28829	aph_3____Ib.2_AF024602	aph_3____Ib.3_AF321550	aph_3____Ib.4_AF313472	aph_3____Ib.5_AF321551
aph_3____Ic	aph_3____Ic.1_DQ336355
aph_4__Ia	aph_4__Ia.1_V01499
aph_6__Ia	aph_6__Ia.1_AY971801	aph_6__Ia.2_Y00459
aph_6__Ib	aph_6__Ib.1_X05648
aph_6__Ic	aph_6__Ic.1_X01702
aph_6__Id	aph_6__Id.1_M28829	aph_6__Id.2_AF024602	aph_6__Id.3_AB109805	aph_6__Id.4_CP000971	aph_6__Id.5_18676889
aph_7____Ia	aph_7____Ia.1_X03615
aph_9__Ia	aph_9__Ia.1_U94857
aph_9__Ia_1	aph_9__Ia.2_CR628337
aph_9__Ib	aph_9__Ib.1_U70376
armA	armA.1_AY220558
bla-	blaBIL_1.1_X74512	blaCMY_101.1_KF526114	blaCMY_102.1_KF526115	blaCMY_103.1_KF526116	blaCMY_104.1_KF150216	blaCMY_104.1_KF150216_2	blaCMY_105.1_KJ207205	blaCMY_106.1_KM983294	blaCMY_107.1_GQ162215	blaCMY_108.1_KF564648	blaCMY_109.1_AJ746169	blaCMY_110.1_AB872957	blaCMY_110.1_AB872957_2	blaCMY_111.1_KJ155695	blaCMY_112.1_KM087837	blaCMY_113.1_KM087836	blaCMY_114.1_KM087846	blaCMY_115.1_KM087839	blaCMY_116.1_KM087840	blaCMY_117.1_KM087844	blaCMY_118.1_KM087838	blaCMY_119.1_KM087845	blaCMY_121.1_KM507172	blaCMY_122.1_KM985460	blaCMY_124.1_KM985462	blaCMY_125.1_KM985463	blaCMY_127.1_KM985465	blaCMY_128.1_KM985466	blaCMY_129.1_KM985467	blaCMY_13.1_AY339625	blaCMY_130.1_KP207589	blaCMY_131.1_KP281294	blaCMY_132.1_KP862820	blaCMY_133.1_KP862819	blaCMY_134.1_KP860987	blaCMY_135.1_KP981366	blaCMY_138.1_KT997883	blaCMY_139.1_KU641016	blaCMY_14.1_AJ555825	blaCMY_140.1_KX354367	blaCMY_141.1_KX537750	blaCMY_143.1_KY009534	blaCMY_144.1_KY066478	blaCMY_145.1_KX470426	blaCMY_146.1_KX034085	blaCMY_147.1_KY563765	blaCMY_148.1_KY624573	blaCMY_149.1_KY624574	blaCMY_15.1_AJ555823	blaCMY_150.1_QCWX01000028	blaCMY_151.1_KY780116	blaCMY_152.1_KY978224	blaCMY_153.1_MF042206	blaCMY_154.1_MF196231	blaCMY_155.1_KR261698	blaCMY_156.1_MF770636	blaCMY_16.1_AJ781421	blaCMY_17.1_AY513266	blaCMY_18.1_AY743434	blaCMY_2.1_X91840	blaCMY_20.1_AY960293	blaCMY_21.1_DQ139328	blaCMY_22.1_DQ256079	blaCMY_23.1_DQ438952	blaCMY_24.1_EF415650	blaCMY_25.1_EU515249	blaCMY_26.1_AB300358	blaCMY_27.1_EU515250	blaCMY_28.1_EF561644	blaCMY_30.1_LMYO01000054	blaCMY_31.1_EF622224	blaCMY_32.1_EU496815	blaCMY_33.1_EU496816	blaCMY_34.1_EF394370	blaCMY_35.1_EF394371	blaCMY_36.1_EU331426	blaCMY_37.1_AB280919	blaCMY_38.1_AM931008	blaCMY_39.1_AB372224	blaCMY_4.1_LNHZ01000079	blaCMY_40.1_EU515251	blaCMY_41.1_AB429270	blaCMY_42.1_HM146927	blaCMY_43.1_FJ360626	blaCMY_44.1_FJ437066	blaCMY_45.1_FN546177	blaCMY_46.1_FN556186	blaCMY_47.1_HM046998	blaCMY_48.1_HM569226	blaCMY_49.1_GQ402541	blaCMY_5.1_Y17716	blaCMY_50.1_FN645444	blaCMY_51.1_JQ733571	blaCMY_53.1_HQ336940	blaCMY_54.1_HM544039	blaCMY_55.1_HM544040	blaCMY_56.1_HQ322613	blaCMY_57.1_HQ285243	blaCMY_58.1_HQ185697	blaCMY_59.1_NG_048854	blaCMY_6.1_AJ011293	blaCMY_60.1_JF460794	blaCMY_61.1_JF460795	blaCMY_62.1_JF460796	blaCMY_63.1_HQ650104	blaCMY_64.1_HQ832678	blaCMY_65.1_JF780936	blaCMY_66.1_JN714478	blaCMY_67.1_JQ711185	blaCMY_68.1_JN714480	blaCMY_69.1_JX049132	blaCMY_7.1_DQ173300	blaCMY_70.1_JX440350	blaCMY_71.1_JQ711184	blaCMY_72.1_JX440352	blaCMY_73.1_GQ351345	blaCMY_74.1_JX440349	blaCMY_75.1_JQ733572	blaCMY_76.1_JQ733573	blaCMY_77.1_JX440353	blaCMY_78.1_JQ733575	blaCMY_79.1_JQ733576	blaCMY_80.1_JQ733577	blaCMY_81.1_JQ733578	blaCMY_82.1_KJ207203	blaCMY_83.1_JX440351	blaCMY_84.1_JQ733579	blaCMY_85.1_KJ207202	blaCMY_86.1_KJ207204	blaCMY_89.1_HE819403	blaCMY_90.1_HE819404	blaCMY_94.1_JX514368	blaCMY_95.1_JX514369	blaCMY_96.1_KC007362	blaCMY_97.1_KC007363	blaCMY_99.1_KF305673	blaLAT_1.1_X78117
bla-_1	blaCMY_1.1_X92508	blaCMY_10.1_AF381615	blaCMY_11.1_AF357599	blaCMY_19.1_AB194410	blaCMY_8.1_AB201268	blaCMY_8b.1_DQ094251	blaCMY_9.1_AB061794	blaMOX_1.1_D13304	blaMOX_2.1_AJ276453	blaMOX_3.1_EU515248	blaMOX_4.1_FJ262599
bla-_2	blaACT_1.1_U58495	blaACT_10.1_JN848330	blaACT_2.1_AM076977	blaACT_3.1_EF125013	blaACT_4.2_AJ311172	blaACT_6.1_FJ237366	blaMIR_1.1_M37839	blaMIR_3.1_AY743435
bla-_3	blaDHA_1.1_Y16410	blaDHA_10.1_KP050490	blaDHA_12.1_HG798963	blaDHA_13.1_KM087855	blaDHA_14.1_DQ478687	blaDHA_15.1_KM087853	blaDHA_16.1_KM087852	blaDHA_17.1_KM087850	blaDHA_18.1_KM087841	blaDHA_19.1_KM087849	blaDHA_2.1_AF259520	blaDHA_20.1_KM087848	blaDHA_21.1_KM087847	blaDHA_22.1_KM087856	blaDHA_23.1_KX068223	blaDHA_24.1_KU759569	blaDHA_25.1_KY563770	blaDHA_26.1_MH067966	blaDHA_27.1_MH067965	blaDHA_3.1_AY494945	blaDHA_4.1_CP026046	blaDHA_5.1_JF273491	blaDHA_6.1_HQ322612	blaDHA_7.1_HQ456945	blaDHA_9.1_KJ207201	blaMOR.1_Y10283	blaMOR_2.1_AY235804
bla-_4	blaCKO_1.1_AF477396	blaMAL_1.1_AJ277209	blaMAL_1.2_AJ609506
bla-_5	blaFONA_1.1_AJ251239	blaFONA_2.1_AJ251240	blaFONA_3.1_AJ251241	blaFONA_4.1_AJ251242	blaFONA_5.1_AJ251243	blaFONA_6.1_AJ251244	blaSFO_1.1_AB003148
bla-_6	blaIMI_1.1_U50278	blaIMI_2.1_DQ173429	blaIMI_3.1_GU015024	blaNMC_A.1_AJ536087
bla-_7	blaLEN1.1_X04515	blaLEN15.1_AF452105	blaLEN16.1_AY743416	blaLEN17.1_EF205593	blaLEN18.1_AM850908	blaLEN19.1_AM850909	blaLEN2.1_AY037780	blaLEN20.1_AM850910	blaLEN21.1_AM850911	blaLEN22.1_AM850912	blaLEN23.1_AM850913	blaLEN24.1_AM850914	blaLEN25.1_HQ709169	blaLEN26.1_JQ067123	blaLEN5.1_AY633109	blaSHV_1.1_AF148850	blaSHV_101.1_EU155018	blaSHV_102.1_EU024485	blaSHV_103.1_EU032604	blaSHV_104.1_EU274581	blaSHV_105.1_FJ194944	blaSHV_108.1_AM922309	blaSHV_109.1_EU418913	blaSHV_111.1_AB372881	blaSHV_119.1_JX192924	blaSHV_12.1_KF976405	blaSHV_120.1_JF812965	blaSHV_121.1_GQ428198	blaSHV_128.1_GU932590	blaSHV_129.1_GU827715	blaSHV_13.1_AF164577	blaSHV_132.1_GU981741	blaSHV_133.1_AB551737	blaSHV_134.1_HM559945	blaSHV_135.1_HQ637576	blaSHV_14.1_AF226622	blaSHV_141.1_JQ388884	blaSHV_142.1_JQ029959	blaSHV_143.1_JQ341060	blaSHV_144.1_JQ926986	blaSHV_145.1_JX013655	blaSHV_15.1_AJ011428	blaSHV_157.1_JX121124	blaSHV_160.1_JX121127	blaSHV_161.1_JX121128	blaSHV_164.1_HE981194	blaSHV_168.1_JX870080	blaSHV_172.1_KF513177	blaSHV_178.1_KF705209	blaSHV_179.1_KF705208	blaSHV_18.1_AF132290	blaSHV_180.1_KP050487	blaSHV_185.1_KM233164	blaSHV_186.1_KM233165	blaSHV_189.1_KP050494	blaSHV_190.1_KP868753	blaSHV_193.1_KR347170	blaSHV_194.1_KX421191	blaSHV_195.1_KX619652	blaSHV_196.1_KX714286	blaSHV_197.1_KT946904	blaSHV_198.1_MF281086	blaSHV_199.1_MF373391	blaSHV_1b_b.1_DQ166783	blaSHV_2.1_AF148851	blaSHV_200.1_MF871643	blaSHV_203.1_MG028656	blaSHV_24.1_AB023477	blaSHV_25.1_AF208796	blaSHV_26.1_AF227204	blaSHV_29.1_AF301532	blaSHV_2a.1_X98102	blaSHV_3.1_KX092356	blaSHV_30.1_AY661885	blaSHV_31.1_AY277255	blaSHV_33.1_AY037779	blaSHV_34.1_AY036620	blaSHV_35.1_AY070258	blaSHV_36.1_AF467947	blaSHV_36.1_AF467947_2	blaSHV_37.1_AF467948	blaSHV_38.1_AY079099	blaSHV_40.1_AF535128	blaSHV_41.1_AF535129	blaSHV_42.1_AF535130	blaSHV_44.1_AY259119	blaSHV_46.1_AY210887	blaSHV_48.1_AY263404	blaSHV_49.1_AY528718	blaSHV_5.1_X55640	blaSHV_50.1_AY288915	blaSHV_52.1_HQ845196	blaSHV_56.1_EU586041	blaSHV_57.1_AY223863	blaSHV_59.1_AY790341	blaSHV_60.1_AB302939	blaSHV_61.1_AJ866284	blaSHV_62.1_AJ866285	blaSHV_63.1_EU342351	blaSHV_64.1_DQ174304	blaSHV_65.1_DQ174305	blaSHV_66.1_DQ174306	blaSHV_69.1_DQ174308	blaSHV_7.1_U20270	blaSHV_70.1_DQ013287	blaSHV_72.1_AM176547	blaSHV_73.1_AM176548	blaSHV_76.1_AM176551	blaSHV_77.1_EF373975	blaSHV_78.1_AM176553	blaSHV_79.1_AM176554	blaSHV_8.1_U92041	blaSHV_80.1_AM176555	blaSHV_82.1_AM176557	blaSHV_85.1_DQ322460	blaSHV_86.1_DQ328802	blaSHV_89.1_DQ193536	blaSHV_92.1_DQ836922	blaSHV_94.1_EF373970	blaSHV_95.1_EF373972	blaSHV_96.1_EF373971	blaSHV_97.1_EF373973	blaSHV_98.1_AM941844
bla-_8	blaLCR_1.1_X56809	blaNPS.1_AY027589
blaA	blaA.2_AY954728
blaACC_-	blaACC_1.1_AJ133121	blaACC_1.2_HG530658	blaACC_1a.1_AF180953	blaACC_1b.1_AF180955	blaACC_1c.1_AF180959	blaACC_1d.1_ADCU02000001	blaACC_2.1_AF180952	blaACC_4.1_GU256641	blaACC_4.1_KM087831	blaACC_4.2_EF504260	blaACC_5.1_HE819401	blaACC_7.1_MG028657
blaACI_1	blaACI_1.1_AJ007350
blaACT_-	blaACT_14.1_JX440354	blaACT_15.1_JX440356	blaACT_5.1_FJ237369	blaACT_7.1_FJ237368
blaACT_12	blaACT_12.1_JX440355
blaACT_9	blaACT_9.1_HQ693810
blaADC_25	blaADC_25.1_EF016355
blaAER_1	blaAER_1.1_U14748
blaAST_1	blaAST_1.1_AF279904
blaBEL_-	blaBEL_1.1_DQ089809	blaBEL_2.1_FJ666063	blaBEL_3.1_GQ202694
blaBES_1	blaBES_1.1_AF234999
blaBIC_1	blaBIC_1.1_GQ260093
blaBKC_1	blaBKC_1.1_KP689347
blaBRO_-	blaBRO_1.1_Z54180	blaBRO_2.1_Z54181
blaB_-	blaB_11.1_AY348326	blaB_14.1_JN635697	blaB_2.1_AF189300	blaB_3.1_AF189301	blaB_3.2_AF189299
blaB_-_1	blaB_10.1_AY348325	blaB_5.1_AF189303	blaB_6.1_AF189302	blaB_7.1_AF189304	blaB_8.1_AF189305	blaB_9.1_AY348324
blaB_1-	blaB_12.1_EF595958	blaB_13.1_EF595959
blaC-	blaCFE_1.1_AB107899	blaCMY_100.1_KF526113	blaCMY_93.1_KF992025
blaCARB_-	blaCARB_1.1_AF313471	blaCARB_11.1_AY008290	blaCARB_12.1_D13210	blaCARB_2.1_M69058	blaCARB_3.1_S46063	blaCARB_6.1_AF030945
blaCARB_-_1	blaCARB_10.1_EU850412	blaCARB_5.1_AF135373	blaCARB_8.1_AY178993
blaCARB_-_2	blaCARB_7.1_AF409092	blaCARB_9.1_AY248038
blaCARB_4	blaCARB_4.1_U14749
blaCARB_4-	blaCARB_47.1_NG050564	blaCARB_48.1_NG050604
blaCGB_1	blaCGB_1.1_EF672680
blaCME_1	blaCME_1.1_AJ006275
blaCMH_3	blaCMH_3.1_KX192165
blaCMY_98	blaCMY_98.1_KC603538
blaCTX_M_-	blaCTX_M_1.1_DQ915955	blaCTX_M_10.1_AY598759	blaCTX_M_101.1_HQ398214	blaCTX_M_103.1_HG423149	blaCTX_M_114.1_GQ351346	blaCTX_M_116.1_JF966749	blaCTX_M_117.1_JN227085	blaCTX_M_12.1_DQ821704	blaCTX_M_123.1_JN790864	blaCTX_M_127.1_MF196229	blaCTX_M_132.1_JX313020	blaCTX_M_136.1_KC351754	blaCTX_M_138.1_KF526119	blaCTX_M_139.1_KC107824	blaCTX_M_142.1_KF240809	blaCTX_M_144.1_KJ020573	blaCTX_M_146.1_KY938173	blaCTX_M_15.1_AY044436	blaCTX_M_150.1_KF769131	blaCTX_M_155.1_KM211508	blaCTX_M_156.1_KM211509	blaCTX_M_157.1_KM211510	blaCTX_M_158.1_KM211691	blaCTX_M_162.1_KP681697	blaCTX_M_163.1_KP681698	blaCTX_M_164.1_KP727571	blaCTX_M_166.1_KU978909	blaCTX_M_167.1_KR537428	blaCTX_M_169.1_KR779864	blaCTX_M_170.1_KR822223	blaCTX_M_172.1_KT251041	blaCTX_M_173.1_KT997884	blaCTX_M_175.1_KT997887	blaCTX_M_176.1_KT997888	blaCTX_M_177.1_KT997889	blaCTX_M_179.1_KU705393	blaCTX_M_180.1_KX056899	blaCTX_M_181.1_KX056900	blaCTX_M_182.1_KX056901	blaCTX_M_183.1_KX263246	blaCTX_M_184.1_KX263247	blaCTX_M_186.1_KX446939	blaCTX_M_188.1_KX676491	blaCTX_M_189.1_FJ657512	blaCTX_M_190.1_KX664469	blaCTX_M_193.1_KY563766	blaCTX_M_194.1_KY563767	blaCTX_M_197.1_KY646303	blaCTX_M_202.1_MF195067	blaCTX_M_203.1_MF196230	blaCTX_M_204.1_MF281085	blaCTX_M_206.1_KJ802520	blaCTX_M_207.1_LC348384	blaCTX_M_208.1_MH067958	blaCTX_M_209.1_MH067959	blaCTX_M_210.1_MH067960	blaCTX_M_211.1_MH067961	blaCTX_M_212.1_MH067962	blaCTX_M_216.1_MH243352	blaCTX_M_218.1_MH243358	blaCTX_M_22.1_AY080894	blaCTX_M_220.1_MH450163	blaCTX_M_23.1_AF488377	blaCTX_M_28.6_AJ549244	blaCTX_M_29.1_AY267213	blaCTX_M_3.1_Y10278	blaCTX_M_30.1_AY292654	blaCTX_M_32.2_AJ557142	blaCTX_M_33.1_AY238472	blaCTX_M_34.1_AY515297	blaCTX_M_36.1_AB177384	blaCTX_M_37.1_AY649755	blaCTX_M_42.1_DQ061159	blaCTX_M_52.1_DQ223685	blaCTX_M_53.1_DQ268764	blaCTX_M_54.1_DQ303459	blaCTX_M_55.1_DQ810789	blaCTX_M_58.1_EF210159	blaCTX_M_60.1_AM411407	blaCTX_M_61.1_EF219142	blaCTX_M_62.1_EF219134	blaCTX_M_66.1_EF576988	blaCTX_M_68.1_EU177100	blaCTX_M_69.1_EU402393	blaCTX_M_71.1_FJ815436	blaCTX_M_72.1_AY847148	blaCTX_M_79.1_EF426798	blaCTX_M_80.1_EU202673	blaCTX_M_82.1_DQ256091	blaCTX_M_88.1_FJ873739	blaCTX_M_96.1_AJ704396
blaCTX_M_-_1	blaCTX_M_100.1_FR682582	blaCTX_M_160.1_KP050493	blaCTX_M_217.1_MH243354	blaCTX_M_25.1_AF518567	blaCTX_M_26.1_AY157676	blaCTX_M_39.1_AY954516	blaCTX_M_41.1_DQ023162	blaCTX_M_78.1_AM982522	blaCTX_M_89.1_FJ971899	blaCTX_M_91.1_GQ870432	blaCTX_M_94.1_HM167760
blaCTX_M_-_2	blaCTX_M_102.1_HQ398215	blaCTX_M_104.1_HQ833652	blaCTX_M_105.1_HQ833651	blaCTX_M_111.1_JF274243	blaCTX_M_112.1_JF274246	blaCTX_M_113.1_JF274247	blaCTX_M_121.1_JN790862	blaCTX_M_122.1_JN790863	blaCTX_M_125.1_JQ724542	blaCTX_M_126.1_AB703103	blaCTX_M_129.1_JX017364	blaCTX_M_13.2_AF252623	blaCTX_M_130.1_JX017365	blaCTX_M_134.1_JX896165	blaCTX_M_137.1_KF790923	blaCTX_M_14.1_AF252622	blaCTX_M_147.1_KF513180	blaCTX_M_148.1_KJ020574	blaCTX_M_14b.1_DQ359215	blaCTX_M_159.1_AB976602	blaCTX_M_16.1_AY029068	blaCTX_M_161.1_KP128034	blaCTX_M_168.1_KR537429	blaCTX_M_17.1_AY033516	blaCTX_M_174.1_KT997886	blaCTX_M_19.1_AF325134	blaCTX_M_191.1_KY271097	blaCTX_M_192.1_KY271098	blaCTX_M_195.1_KY563768	blaCTX_M_196.1_KY563769	blaCTX_M_198.1_KY646304	blaCTX_M_201.1_KY997189	blaCTX_M_21.1_AJ416346	blaCTX_M_213.1_MH094805	blaCTX_M_214.1_MH121688	blaCTX_M_219.1_CP019080	blaCTX_M_24.1_EF374096	blaCTX_M_27.1_AY156923	blaCTX_M_38.1_AY822595	blaCTX_M_46.1_AY847147	blaCTX_M_47.1_AY847143	blaCTX_M_48.1_AY847144	blaCTX_M_49.1_AY847145	blaCTX_M_50.1_AY847146	blaCTX_M_51.1_DQ211987	blaCTX_M_65.1_EF418608	blaCTX_M_67.1_EF581888	blaCTX_M_73.1_DQ343292	blaCTX_M_81.1_EU136031	blaCTX_M_83.1_FJ214366	blaCTX_M_84.1_FJ214367	blaCTX_M_85.1_FJ214368	blaCTX_M_86.1_FJ214369	blaCTX_M_87.1_EU545409	blaCTX_M_9.1_AF174129	blaCTX_M_90.1_FJ907381	blaCTX_M_93.1_HQ166709	blaCTX_M_98.1_HM755448	blaCTX_M_99.1_HM803271
blaCTX_M_-_3	blaCTX_M_124.1_JQ429324	blaCTX_M_131.1_JN969893	blaCTX_M_141.1_KC964871	blaCTX_M_165.1_KP727572	blaCTX_M_171.1_KT277545	blaCTX_M_2.1_AB176535	blaCTX_M_20.1_AJ416344	blaCTX_M_200.1_KY997188	blaCTX_M_31.1_AJ567481	blaCTX_M_35.1_AB176532	blaCTX_M_4.1_Y14156	blaCTX_M_43.1_DQ102702	blaCTX_M_44.1_D37830	blaCTX_M_5.1_U95364	blaCTX_M_56.1_EF374097	blaCTX_M_59.1_DQ408762	blaCTX_M_6.1_AJ005044	blaCTX_M_7.1_AJ005045	blaCTX_M_76.1_AM982520	blaCTX_M_77.1_AM982521	blaCTX_M_92.1_GU127598	blaCTX_M_95.1_FN813245	blaCTX_M_97.1_HM776707
blaCTX_M_-_4	blaCTX_M_199.1_KY786032	blaCTX_M_64.1_AB284167
blaCTX_M_-_5	blaCTX_M_40.1_AY750914	blaCTX_M_63.1_AB205197	blaCTX_M_63.1_EU660216	blaCTX_M_8.1_AF189721
blaCTX_M_151	blaCTX_M_151.1_AB916359
blaDES_1	blaDES_1.1_AF426161
blaDIM_1	blaDIM_1.1_GU323019
blaEBR_1	blaEBR_1.1_AF416700
blaERP_1	blaERP_1.1_AY077733
blaFAR_1	blaFAR_1.1_AF024601
blaFOX_-	blaFOX_1.1_X77455	blaFOX_10.1_JX049131	blaFOX_2.1_Y10282	blaFOX_3.1_Y11068	blaFOX_4.1_AJ277535	blaFOX_5.1_AY007369	blaFOX_6.1_AY034848	blaFOX_7.1_AJ703796	blaFOX_8.1_HM565917	blaFOX_9.1_JF896803
blaFRI_1	blaFRI_1.1_KT192551
blaGES_-	blaGES_1.1_HQ170511	blaGES_10.1_FJ820124	blaGES_11.1_FJ854362	blaGES_12.1_FN554543	blaGES_13.1_GU169702	blaGES_14.1_GU207844	blaGES_15.1_GU208678	blaGES_16.1_HM173356	blaGES_17.1_HQ874631	blaGES_18.1_JQ028729	blaGES_19.1_JN596280	blaGES_2.1_AF326355	blaGES_20.1_JN596280	blaGES_21.1_JQ772478	blaGES_22.1_JX023441	blaGES_3.1_AB113580	blaGES_4.1_AB116723	blaGES_5.1_DQ236171	blaGES_6.1_AY494718	blaGES_7.1_HM453325	blaGES_8.1_AF329699	blaGES_9.1_AY920928
blaGIM_1	blaGIM_1.1_JF414726
blaGOB_-	blaGOB_1.1_EF394442	blaGOB_1.2_AF090141	blaGOB_10.1_AY647247	blaGOB_11.1_AY647248	blaGOB_12.1_AY647249	blaGOB_13.1_AY647251	blaGOB_14.1_AY647252	blaGOB_15.1_AY775547	blaGOB_18.1_DQ004496	blaGOB_8.1_AY348327	blaGOB_9.1_AY647246
blaGOB_1-	blaGOB_16.1_GU188443	blaGOB_16.2_AY899331	blaGOB_17.1_AY899332
blaHERA_-	blaHERA_1.1_AF311385	blaHERA_2.1_AF398334	blaHERA_3.1_AF398335	blaHERA_4.1_AJ536088	blaHERA_5.1_AJ536089	blaHERA_6.1_AJ536090	blaHERA_8.1_AJ536092
blaIMI_5	blaIMI_5.1_KT599915
blaIMP_-	blaIMP_13.1_AJ550807	blaIMP_17.1_AJ512502	blaIMP_33.1_JN848782	blaIMP_37.1_JX131372
blaIMP_-_1	blaIMP_1.1_EF027105	blaIMP_10.1_AB074435	blaIMP_15.1_AY553333	blaIMP_25.1_EU541448	blaIMP_26.1_GU045307	blaIMP_28.1_JQ407409	blaIMP_3.1_AB010417	blaIMP_30.1_KM589497	blaIMP_34.1_AB715422	blaIMP_38.1_HQ875573	blaIMP_4.1_AF244145	blaIMP_4.1_DQ307573	blaIMP_40.1_AB753457	blaIMP_42.1_AB753456	blaIMP_43.1_AB777500	blaIMP_5.1_AF290912	blaIMP_51.1_LC031883	blaIMP_52.1_LC055762	blaIMP_55.1_KT935306	blaIMP_59.1_KX196782	blaIMP_6.1_AB753460	blaIMP_60.1_LC159227	blaIMP_61.1_KX462700	blaIMP_62.1_KX753224	blaIMP_66.1_LC190726	blaIMP_7.1_AF318077	blaIMP_70.1_MG748725	blaIMP_73.1_MH021848
blaIMP_-_2	blaIMP_12.1_AJ420864	blaIMP_63.1_KX821663
blaIMP_-_3	blaIMP_14.1_AY553332	blaIMP_18.1_AY780674	blaIMP_32.1_JQ002629	blaIMP_48.1_KM087857	blaIMP_49.1_KP681694	blaIMP_54.1_KU052795	blaIMP_56.1_KU315553	blaIMP_71.1_MG818167	blaIMP_75.1_MH243350
blaIMP_-_4	blaIMP_11.1_AB074436	blaIMP_16.1_AJ584652	blaIMP_19.1_EF118171	blaIMP_2.1_AJ243491	blaIMP_20.1_AB196988	blaIMP_21.1_AB204557	blaIMP_22.2_DQ361087	blaIMP_23.1_DQ417222	blaIMP_24.1_EF192154	blaIMP_29.1_HQ438058	blaIMP_41.1_AB753458	blaIMP_44.1_AB777501	blaIMP_58.1_KU647281	blaIMP_58.1_KU647281_2	blaIMP_68.1_MF669572	blaIMP_74.1_MH243349	blaIMP_8.1_DQ845788
blaIMP_-_5	blaIMP_27.1_JF894248	blaIMP_64.1_KX949735	blaIMP_67.1_MF281100
blaIMP_-_6	blaIMP_45.1_EU352796	blaIMP_53.1_HM106457	blaIMP_9.1_FJ655384
blaIMP_3-	blaIMP_31.1_KF148593	blaIMP_35.1_JF816544
blaIND_-	blaIND_11.1_HM245379	blaIND_12.1_HM245380	blaIND_15.1_AB563173	blaIND_2.2_AF219127	blaIND_2a.4_AF219130	blaIND_2b.3_EF672681	blaIND_2c.1_GU186042
blaIND_-_1	blaIND_1.1_AF099139	blaIND_7.1_AB529520
blaIND_-_2	blaIND_10.1_GU206353	blaIND_8.1_GU186044
blaIND_-_3	blaIND_14.1_HM367709	blaIND_3.1_AF219131
blaIND_4	blaIND_4.1_AF219135
blaIND_5	blaIND_5.1_AY504627
blaIND_6	blaIND_6.1_AM087455
blaIND_9	blaIND_9.1_GU186045
blaJOHN_1	blaJOHN_1.1_AY028464
blaKHM_1	blaKHM_1.1_AB364006
blaKPC_-	blaKPC_10.1_GQ140348	blaKPC_11.1_HM066995	blaKPC_12.1_HQ641422	blaKPC_13.1_HQ342889	blaKPC_14.1_JX524191	blaKPC_15.1_KC433553	blaKPC_16.1_KC465199	blaKPC_17.1_KC465200	blaKPC_18.1_KT884517	blaKPC_19.1_KJ775801	blaKPC_2.1_AY034847	blaKPC_21.1_LN609376	blaKPC_22.1_KM379100	blaKPC_23.1_MH450213	blaKPC_24.1_KR052099	blaKPC_26.1_KX619622	blaKPC_27.1_KX828722	blaKPC_28.1_KY282958	blaKPC_29.1_KY563764	blaKPC_3.1_HM769262	blaKPC_30.1_KY646302	blaKPC_31.1_MAPH01000113	blaKPC_32.1_MAPO01000050	blaKPC_33.1_CP025144	blaKPC_34.1_KU985429	blaKPC_35.1_MH404098	blaKPC_4.1_FJ473382	blaKPC_5.1_EU400222	blaKPC_6.1_EU555534	blaKPC_7.1_EU729727	blaKPC_8.1_FJ234412
blaL	blaL.1_NG050597	blaL.2_NG050596
blaL1	blaL1.3_EF126059
blaLUT_1	blaLUT_1.1_AY695112
blaMIR_-	blaMIR_2.1_AY227752	blaMIR_4.1_EF417572	blaMIR_5.1_FJ237367	blaMIR_6.1_JQ664733
blaMOX_-	blaMOX_5.1_GQ152600	blaMOX_6.1_GQ152601	blaMOX_7.1_GQ152602
blaMUS_1	blaMUS_1.1_AF441286
blaNDM_-	blaNDM_1.1_FN396876	blaNDM_10.1_KF361506	blaNDM_11.1_KP265939	blaNDM_12.1_AB926431	blaNDM_13.1_LC012596	blaNDM_14.1_KM210086	blaNDM_15.1_KP735848	blaNDM_16.1_KP862821	blaNDM_17.1_KX812714	blaNDM_18.1_KY503030	blaNDM_19.1_MF370080	blaNDM_2.1_JF703135	blaNDM_20.1_KY654092	blaNDM_21.1_MG183694	blaNDM_22.1_MH243357	blaNDM_23.1_MH450214	blaNDM_24.1_MH450215	blaNDM_3.1_JQ734687	blaNDM_4.1_JQ348841	blaNDM_5.1_JN104597	blaNDM_6.1_JN967644	blaNDM_7.1_JX262694	blaNDM_8.1_AB744718	blaNDM_9.1_KC999080
blaOCH_-	blaOCH_2.1_AJ295340	blaOCH_3.1_AJ295341	blaOCH_4.1_AJ295342	blaOCH_5.1_AJ295343	blaOCH_6.1_AJ295344	blaOCH_7.1_AJ295345	blaOCH_8.1_DQ489307
blaOKP_-	blaOKP_A_1.1_AM051138	blaOKP_A_10.1_AM051149	blaOKP_A_11.1_AM850915	blaOKP_A_12.1_AM850915	blaOKP_A_13.1_FJ534513	blaOKP_A_14.1_FJ534512	blaOKP_A_15.1_FJ755841	blaOKP_A_16.1_FJ755840	blaOKP_A_2.1_AM051139	blaOKP_A_3.1_AM051140	blaOKP_A_4.1_AM051142	blaOKP_A_5.1_AM051143	blaOKP_A_6.1_AM051144	blaOKP_A_7.1_AM051145	blaOKP_A_8.1_AM051147	blaOKP_A_9.1_AM051148	blaOKP_B_1.1_AM051150	blaOKP_B_10.1_AM051160	blaOKP_B_11.1_AM051161	blaOKP_B_13.1_AY825330	blaOKP_B_15.1_AM850917	blaOKP_B_16.1_AM850918	blaOKP_B_17.1_AM850919	blaOKP_B_18.1_AM850920	blaOKP_B_19.1_AM850921	blaOKP_B_2.1_AM051151	blaOKP_B_20.1_AM850922	blaOKP_B_3.1_AM051152	blaOKP_B_4.1_AM051153	blaOKP_B_5.1_AY512506	blaOKP_B_6.1_AY850171	blaOKP_B_7.1_AM051156	blaOKP_B_8.1_AM051157	blaOKP_B_9.1_AM051159
blaOXA_-	blaOXA_55.1_AY343493	blaOXA_SHE.1_AY066004
blaOXA_-_1	blaOXA_151.1_CP009553	blaOXA_152.1_KP771980	blaOXA_62.1_AY423074
blaOXA_-_10	blaOXA_143.1_GQ861437	blaOXA_182.1_HM640278	blaOXA_231.1_JQ326200	blaOXA_253.1_KC479324	blaOXA_255.1_KC479325
blaOXA_-_11	blaOXA_243.1_AFRQ01000031	blaOXA_364.1_JX306689	blaOXA_455.1_KP903885	blaOXA_457.1_KP903887	blaOXA_458.1_KP903888	blaOXA_459.1_KP903889	blaOXA_513.1_KU323972
blaOXA_-_12	blaOXA_211.1_JN861779	blaOXA_212.1_JN861780	blaOXA_280.1_APPZ01000001	blaOXA_281.1_APON01000041	blaOXA_309.1_HF947514	blaOXA_333.1_KF203107	blaOXA_334.1_KF203108	blaOXA_373.1_HG931732
blaOXA_-_13	blaOXA_100.1_AM231720	blaOXA_106.1_EF650032	blaOXA_107.1_LAVJ01000082	blaOXA_108.1_EF650034	blaOXA_109.1_EF650035	blaOXA_110.1_EF650036	blaOXA_111.1_EF650037	blaOXA_112.1_EF650038	blaOXA_113.1_EF653400	blaOXA_115.1_EU029998	blaOXA_117.1_GQ423625	blaOXA_120.1_EU255289	blaOXA_121.1_EU255290	blaOXA_122.1_EU255291	blaOXA_123.1_EU255292	blaOXA_124.1_EU255293	blaOXA_125.1_EU255294	blaOXA_126.1_EU255295	blaOXA_127.1_EU255296	blaOXA_128.1_EU375515	blaOXA_130.1_EU547445	blaOXA_131.1_EU547446	blaOXA_132.1_EU547447	blaOXA_138.1_EU670845	blaOXA_144.1_FJ872530	blaOXA_148.1_GQ853679	blaOXA_149.1_GQ853680	blaOXA_150.1_GQ853681	blaOXA_172.1_HM113558	blaOXA_173.1_HM113559	blaOXA_174.1_HM113560	blaOXA_175.1_HM113561	blaOXA_176.1_HM113562	blaOXA_177.1_HM113563	blaOXA_178.1_HM113564	blaOXA_179.1_HM570035	blaOXA_180.1_HM570036	blaOXA_200.1_HQ734811	blaOXA_201.1_HQ734812	blaOXA_202.1_HQ734813	blaOXA_203.1_HQ998857	blaOXA_206.1_AB634250	blaOXA_208.1_KF305665	blaOXA_216.1_FR865168	blaOXA_217.1_JN603240	blaOXA_219.1_JN215211	blaOXA_223.1_JN248564	blaOXA_234.1_NG_050607	blaOXA_241.1_JX025021	blaOXA_242.1_JX025022	blaOXA_248.1_HE963769	blaOXA_249.1_HE963770	blaOXA_250.1_HE963771	blaOXA_254.1_AB781687	blaOXA_259.1_KF057028	blaOXA_260.1_APOR01000009	blaOXA_261.1_APQV01000009	blaOXA_262.1_APRA01000005	blaOXA_263.1_APQY01000006	blaOXA_312.1_KF057029	blaOXA_313.1_KF057030	blaOXA_314.1_KF057031	blaOXA_315.1_KF057032	blaOXA_316.1_KF057033	blaOXA_317.1_KF057034	blaOXA_336.1_KF048907	blaOXA_337.1_KF048908	blaOXA_338.1_KF048909	blaOXA_339.1_KF048911	blaOXA_340.1_KF048912	blaOXA_341.1_KF048913	blaOXA_342.1_KF048915	blaOXA_343.1_KF048916	blaOXA_344.1_KF048917	blaOXA_345.1_KF048918	blaOXA_346.1_KF048919	blaOXA_365.1_KF885217	blaOXA_371.1_AB871653	blaOXA_374.1_KF986255	blaOXA_375.1_KF986256	blaOXA_376.1_KF986257	blaOXA_377.1_KF986258	blaOXA_378.1_KF986259	blaOXA_379.1_KF986260	blaOXA_380.1_KF986261	blaOXA_381.1_KJ135344	blaOXA_382.1_KJ135345	blaOXA_383.1_KF986262	blaOXA_384.1_KF986263	blaOXA_385.1_KF986253	blaOXA_386.1_KF986254	blaOXA_387.1_KJ173478	blaOXA_388.1_KJ135343	blaOXA_389.1_KJ135346	blaOXA_390.1_KJ135342	blaOXA_391.1_KJ427797	blaOXA_400.1_KJ780078	blaOXA_401.1_KJ780076	blaOXA_402.1_JX865391	blaOXA_403.1_KJ920337	blaOXA_404.1_KJ920338	blaOXA_406.1_KJ584915	blaOXA_407.1_KJ584916	blaOXA_408.1_KJ584917	blaOXA_409.1_KJ584918	blaOXA_411.1_KJ584920	blaOXA_412.1_KJ584921	blaOXA_413.1_KJ584922	blaOXA_414.1_KJ584914	blaOXA_424.1_KM588352	blaOXA_425.1_KM588353	blaOXA_426.1_KM588354	blaOXA_429.1_KM979376	blaOXA_430.1_KM979377	blaOXA_431.1_KM979378	blaOXA_432.1_KM979379	blaOXA_433.1_KM979380	blaOXA_441.1_JX865394	blaOXA_442.1_KP844571	blaOXA_480.1_KR872296	blaOXA_497.1_LKJZ01000136	blaOXA_507.1_KU551305	blaOXA_508.1_KU596972	blaOXA_509.1_KU692025	blaOXA_51.1_DQ385606	blaOXA_510.1_JX865393	blaOXA_511.1_KU710720	blaOXA_516.1_KU871391	blaOXA_521.1_KX462701	blaOXA_523.1_KX599401	blaOXA_524.1_KX599402	blaOXA_525.1_KX599406	blaOXA_528.1_KX599407	blaOXA_529.1_KX599405	blaOXA_530.1_KX599398	blaOXA_531.1_KX599400	blaOXA_532.1_KX609247	blaOXA_536.1_KX859240	blaOXA_545.1_KY674541	blaOXA_554.1_KY126221	blaOXA_555.1_KY126224	blaOXA_556.1_KY126231	blaOXA_557.1_KY126232	blaOXA_558.1_KY126234	blaOXA_559.1_KY126237	blaOXA_560.1_KY126238	blaOXA_561.1_KY126240	blaOXA_562.1_KY126241	blaOXA_64.1_AY750907	blaOXA_65.1_AY750908	blaOXA_66.1_AY750909	blaOXA_67.1_DQ491200	blaOXA_68.1_AY750910	blaOXA_69.1_AY859527	blaOXA_70.1_AY750912	blaOXA_71.1_AY750913	blaOXA_75.1_AY859529	blaOXA_76.1_AY949203	blaOXA_77.1_AY949202	blaOXA_78.1_AY862132	blaOXA_79.1_EU019534	blaOXA_80.1_EU019535	blaOXA_82.1_DQ987479	blaOXA_83.1_DQ309277	blaOXA_84.1_DQ309276	blaOXA_86.1_DQ149247	blaOXA_87.1_DQ348075	blaOXA_88.1_DQ392963	blaOXA_89.1_DQ445683	blaOXA_90.1_EU547443	blaOXA_91.1_DQ519086	blaOXA_92.1_DQ335566	blaOXA_93.1_DQ519087	blaOXA_94.1_DQ519088	blaOXA_95.1_DQ519089	blaOXA_98.1_EU255288	blaOXA_99.1_DQ888718
blaOXA_-_14	blaOXA_102.1_NZ_LWGP01000001	blaOXA_103.1_APQF01000011	blaOXA_133.1_EU571228	blaOXA_146.1_FJ194494	blaOXA_165.1_HM488986	blaOXA_166.1_HM488987	blaOXA_167.1_HM488988	blaOXA_168.1_HM488989	blaOXA_169.1_HM488990	blaOXA_170.1_HM488991	blaOXA_171.1_HM488992	blaOXA_225.1_JN638887	blaOXA_23.1_AY795964	blaOXA_239.1_JQ837239	blaOXA_27.1_AF201828	blaOXA_366.1_KP050485	blaOXA_398.1_KM087842	blaOXA_422.1_KM433671	blaOXA_423.1_KM433672	blaOXA_435.1_KP144324	blaOXA_440.1_KP727574	blaOXA_482.1_KP264124	blaOXA_483.1_KP264125	blaOXA_49.1_AY288523	blaOXA_565.1_KY883665	blaOXA_73.1_AY762325
blaOXA_-_15	blaOXA_213.1_JN861781	blaOXA_267.1_APQH01000006	blaOXA_268.1_APOE01000008	blaOXA_269.1_APQJ01000007	blaOXA_304.1_APSC01000007	blaOXA_322.1_KF203096	blaOXA_323.1_KF203097	blaOXA_324.1_KF203098	blaOXA_325.1_KF203099	blaOXA_326.1_KF203100	blaOXA_327.1_KF203101	blaOXA_328.1_KF203102	blaOXA_329.1_KF203103	blaOXA_330.1_KF203104	blaOXA_331.1_KF203105	blaOXA_332.1_KF203106	blaOXA_348.1_KF297577	blaOXA_349.1_KF297578	blaOXA_350.1_KF297579	blaOXA_351.1_KF297580	blaOXA_352.1_KF297581	blaOXA_353.1_KF297582	blaOXA_354.1_KF297583	blaOXA_357.1_KF421160	blaOXA_358.1_KF421161	blaOXA_359.1_KF421162
blaOXA_-_16	blaOXA_272.1_LSAL01000001	blaOXA_273.1_APQN01000012	blaOXA_417.1_KM220587	blaOXA_421.1_KM401566	blaOXA_500.1_JMNQ01000002	blaOXA_501.1_KU167110	blaOXA_502.1_KU167111	blaOXA_503.1_KU167109	blaOXA_506.1_KU571454	blaOXA_522.1_KX599408	blaOXA_526.1_KX599409	blaOXA_533.1_KX668472	blaOXA_563.1_KY767021	blaOXA_564.1_KY767022
blaOXA_-_17	blaOXA_136.1_EU086831	blaOXA_137.1_EU086834	blaOXA_192.1_JF273470	blaOXA_470.1_KR182163	blaOXA_471.1_EU086833	blaOXA_472.1_KR182165	blaOXA_473.1_KR182166	blaOXA_474.1_KR182167	blaOXA_475.1_KR182168	blaOXA_476.1_KR182169	blaOXA_477.1_KR182170	blaOXA_478.1_KR182171	blaOXA_479.1_KR182172	blaOXA_63.1_AY619003
blaOXA_-_18	blaOXA_42.1_AJ488302	blaOXA_43.1_AJ488303	blaOXA_57.1_AJ631966	blaOXA_59.1_AJ632249
blaOXA_-_19	blaOXA_129.1_FJWZ01000025	blaOXA_5.1_AF347074
blaOXA_-_2	blaOXA_164.1_GU831575	blaOXA_397.1_KM087865	blaOXA_420.1_AB983359	blaOXA_512.1_KU726870	blaOXA_58.1_AY665723	blaOXA_96.1_DQ519090	blaOXA_97.1_EF102240
blaOXA_-_20	blaOXA_10.1_J03427	blaOXA_101.1_AM412777	blaOXA_11.1_Z22590	blaOXA_13.1_AF043558	blaOXA_13.1_U59183	blaOXA_14.1_KJ420612	blaOXA_142.1_LC169567	blaOXA_145.1_FJ790516	blaOXA_147.1_FJ848783	blaOXA_16.1_AF043100	blaOXA_17.1_DQ902344	blaOXA_183.1_HQ111474	blaOXA_19.1_AF043381	blaOXA_233.1_KJ657570	blaOXA_240.1_JX089628	blaOXA_246.1_EU886980	blaOXA_251.1_JN118546	blaOXA_256.1_HE616889	blaOXA_28.1_AF231133	blaOXA_35.1_AF315786	blaOXA_368.1_KT736121	blaOXA_454.1_LC037981	blaOXA_520.1_KX388630	blaOXA_56.1_AY445080	blaOXA_7.1_X75562	blaOXA_74.1_EU161636
blaOXA_-_21	blaOXA_118.1_AF371964	blaOXA_119.1_DQ767903	blaOXA_205.1_JF800667	blaOXA_46.1_AF317511
blaOXA_-_22	blaOXA_20.1_AY307114	blaOXA_20.2_AF024602	blaOXA_37.1_AY007784
blaOXA_-_23	blaOXA_162.1_GU197550	blaOXA_163.1_HQ700343	blaOXA_181.1_CM004561	blaOXA_199.1_JN704570	blaOXA_204.1_KP027885	blaOXA_232.1_JX423831	blaOXA_244.1_KP659189	blaOXA_245.1_JX438001	blaOXA_247.1_JX893517	blaOXA_252.1_NG_050608	blaOXA_370.1_KJ488943	blaOXA_405.1_KM589641	blaOXA_416.1_KP264119	blaOXA_438.1_KP410734	blaOXA_439.1_KP727573	blaOXA_48.1_AY236073	blaOXA_484.1_KR401105	blaOXA_505.1_KU531433	blaOXA_514.1_KU866382	blaOXA_515.1_KU866383	blaOXA_517.1_KU878974	blaOXA_519.1_KX349732	blaOXA_538.1_KX827284	blaOXA_546.1_KY682756	blaOXA_547.1_KY684124	blaOXA_566.1_MF099636
blaOXA_-_24	blaOXA_436.1_KT959105	blaOXA_535.1_KX828709
blaOXA_-_25	blaOXA_395.1_AY306133	blaOXA_396.1_AY306134	blaOXA_485.1_LLNM01000004	blaOXA_486.1_AY597426	blaOXA_488.1_CP017969	blaOXA_494.1_AY597430	blaOXA_50.1_AY306130
blaOXA_-_26	blaOXA_193.1_CP013032	blaOXA_450.1_KR061502	blaOXA_451.1_KR061504	blaOXA_452.1_KR061505	blaOXA_453.1_KR061507	blaOXA_460.1_KR061508	blaOXA_461.1_KR061509	blaOXA_489.1_CP013733	blaOXA_61.1_AY587956
blaOXA_-_27	blaOXA_184.1_JQ396378	blaOXA_185.1_JQ396379	blaOXA_465.1_KR061500	blaOXA_466.1_KR061501
blaOXA_-_28	blaOXA_493.1_CP007774	blaOXA_493.1_KU739135	blaOXA_518.1_KU739134
blaOXA_-_3	blaOXA_286.1_APOI01000030	blaOXA_287.1_NG_050609	blaOXA_303.1_APSD01000035
blaOXA_-_4	blaOXA_134.1_HQ122933	blaOXA_282.1_APQS01000019	blaOXA_283.1_AYHO01000005	blaOXA_284.1_APRU01000004	blaOXA_285.1_APRY01000059	blaOXA_335.1_KF203109	blaOXA_361.1_KF460531	blaOXA_362.1_KF460532	blaOXA_363.1_KF460533	blaOXA_496.1_KT200608
blaOXA_-_5	blaOXA_1.1_HQ170510	blaOXA_224.1_JN412067	blaOXA_31.1_AF294653	blaOXA_320.1_KF151169	blaOXA_392.1_AB901044	blaOXA_4.1_AY162283	blaOXA_47.1_AY237830	blaOXA_534.1_KX714285
blaOXA_-_6	blaOXA_228.1_JQ422053	blaOXA_229.1_JQ422052	blaOXA_230.1_JQ422054	blaOXA_257.1_KC567681	blaOXA_300.1_APPK01000054	blaOXA_301.1_APQG01000050	blaOXA_355.1_KF297584	blaOXA_356.1_KF297585	blaOXA_418.1_KJ997966
blaOXA_-_7	blaOXA_235.1_JQ820240	blaOXA_236.1_JQ820242	blaOXA_237.1_JQ820241	blaOXA_276.1_APPI01000013	blaOXA_277.1_APPQ01000011	blaOXA_278.1_KC771279	blaOXA_360.1_KF421163	blaOXA_537.1_KX360747
blaOXA_-_8	blaOXA_141.1_EF552405	blaOXA_15.1_U63835	blaOXA_161.1_GQ202693	blaOXA_2.1_DQ112222	blaOXA_2.2_GQ466184	blaOXA_21.1_AB626885	blaOXA_210.1_JF795487	blaOXA_226.1_FJ617207	blaOXA_3.1_L07945	blaOXA_32.1_AF315351	blaOXA_415.1_KJ865754	blaOXA_539.1_KY094077	blaOXA_540.1_KJ138219	blaOXA_541.1_FM179467
blaOXA_-_9	blaOXA_139.1_AM991978	blaOXA_160.1_GU199038	blaOXA_207.1_LLFS01000355	blaOXA_24.1_AJ239129	blaOXA_25.1_AF201826	blaOXA_26.1_AF201827	blaOXA_437.1_KP410856	blaOXA_72.1_AY739646
blaOXA_114-	blaOXA_114a.1_EU188842	blaOXA_114b.1_HM056040	blaOXA_114c.1_HM056041	blaOXA_114d.1_HM104633	blaOXA_114e.1_HM104634	blaOXA_114f.1_HM368375	blaOXA_114g.1_HM368376
blaOXA_15-	blaOXA_154.1_KP771982	blaOXA_155.1_KP771983
blaOXA_15-_1	blaOXA_158.1_KP771986	blaOXA_159.1_KP771987
blaOXA_153	blaOXA_153.1_KP771981
blaOXA_156	blaOXA_156.1_KP771984
blaOXA_157	blaOXA_157.1_KP771985
blaOXA_18	blaOXA_18.1_U85514
blaOXA_198	blaOXA_198.1_HQ634775
blaOXA_2-	blaOXA_279.1_APOM01000058	blaOXA_289.1_APRM01000005	blaOXA_290.1_APOK01000044
blaOXA_2-_1	blaOXA_214.1_JN861782	blaOXA_215.1_JN861783	blaOXA_264.1_APQQ01000012	blaOXA_265.1_APQR01000003
blaOXA_209	blaOXA_209.1_JF268688
blaOXA_22	blaOXA_22.1_AF064820
blaOXA_258	blaOXA_258.1_HE614014
blaOXA_266	blaOXA_266.1_APPO01000008
blaOXA_27-	blaOXA_274.1_APOS01000038	blaOXA_275.1_APPJ01000001
blaOXA_27-_1	blaOXA_270.1_APQM01000006	blaOXA_271.1_APQO01000006
blaOXA_288	blaOXA_288.1_APRN01000033
blaOXA_29	blaOXA_29.1_AJ400619
blaOXA_29-	blaOXA_297.1_APRR01000006	blaOXA_298.1_APSA01000003
blaOXA_29-_1	blaOXA_291.1_APRL01000010	blaOXA_292.1_APRO01000007	blaOXA_293.1_NG_050610
blaOXA_29-_2	blaOXA_294.1_APPC01000015	blaOXA_295.1_APRW01000016
blaOXA_296	blaOXA_296.1_APOH01000009
blaOXA_299	blaOXA_299.1_APQD01000016
blaOXA_302	blaOXA_302.1_APRT01000004
blaOXA_305	blaOXA_305.1_APPF01000021
blaOXA_306	blaOXA_306.1_APSB01000022
blaOXA_307	blaOXA_307.1_NG_050611
blaOXA_308	blaOXA_308.1_APPN01000080
blaOXA_347	blaOXA_347.1_ACWG01000053	blaOXA_347.1_JN086160
blaOXA_372	blaOXA_372.1_KJ746496
blaOXA_4-	blaOXA_464.1_KU721146	blaOXA_490.1_KU721147	blaOXA_491.1_KU721148
blaOXA_427	blaOXA_427.1_KX827604
blaOXA_44-	blaOXA_446.1_KR061495	blaOXA_447.1_KR061496	blaOXA_448.1_KR061497	blaOXA_449.1_KR061498
blaOXA_443	blaOXA_443.1_LC030178
blaOXA_444	blaOXA_444.1_CP010800
blaOXA_45	blaOXA_45.1_AJ519683
blaOXA_5-	blaOXA_548.1_KY682750	blaOXA_549.1_KY682751	blaOXA_550.1_KY682752	blaOXA_551.1_KY682753	blaOXA_552.1_KY682754	blaOXA_553.1_KY682755
blaOXA_527	blaOXA_527.1_KX599404
blaOXA_53	blaOXA_53.1_AY289608
blaOXA_54	blaOXA_54.1_AY500137
blaOXA_60-	blaOXA_60.1_AF525303	blaOXA_60a.1_AY662675	blaOXA_60b.1_AY664504	blaOXA_60c.1_AY664505	blaOXA_60d.1_AY664506
blaOXA_85	blaOXA_85.1_JANA01000064
blaOXA_9	blaOXA_9.1_KQ089875
blaOXY_-	blaOXY_1_1.1_Z30177	blaOXY_1_2.2_AJ871864	blaOXY_1_3.3_AY077482	blaOXY_1_4.4_AY077483	blaOXY_1_6.6_Y17715	blaOXY_1_7.7_M27459	blaOXY_4_1.1_AY077481	blaOXY_5_1.1_AJ871868	blaOXY_5_2.2_AJ871871	blaOXY_6_1.1_AJ871873	blaOXY_6_2.2_AJ871875	blaOXY_6_3.3_AJ871876	blaOXY_6_4.4_AJ871877
blaOXY_2_-	blaOXY_2_1.1_AJ871866	blaOXY_2_10.10_FJ785626	blaOXY_2_2.2_AJ871867	blaOXY_2_3.3_AY077488	blaOXY_2_4.4_Y17714	blaOXY_2_5.5_AY077487	blaOXY_2_6.6_AY077485	blaOXY_2_7.7_Z49084	blaOXY_2_8.8_AY055205	blaOXY_2_9.9_FJ785625
blaOXY_3_1	blaOXY_3_1.1_AF491278
blaPAM_1	blaPAM_1.1_AB858498
blaPAO	blaPAO.1_AY083595	blaPAO.2_FJ666065	blaPAO.3_FJ666073	blaPAO.4_AY083592
blaPEDO_1	blaPEDO_1.1_KP109677
blaPEDO_2	blaPEDO_2.1_KP109678
blaPEDO_3	blaPEDO_3.1_KP109679
blaPER_-	blaPER_1.1_GU944725	blaPER_3.1_AY740681	blaPER_4.1_EU748544	blaPER_7.1_HQ713678
blaPER_2	blaPER_2.1_X93314
blaPER_6	blaPER_6.1_GQ396303
blaPLA-	blaPLA1a.1_AY302757	blaPLA2a.1_AY307385	blaPLA_3A.1_AY507663	blaPLA_4A.1_AY507664	blaPLA_5A.1_DQ249871	blaPLA_6A.1_DQ251478
blaPME_1	blaPME_1.1_HQ541434
blaRAHN_1	blaRAHN_1.1_GU645205	blaRAHN_1.2_AF338038
blaRAHN_2	blaRAHN_2.2_HM114350
blaROB_1	blaROB_1.1_DQ840517	blaROB_1.2_AF022114
blaS-	blaSRT_1.1_AB008454	blaSRT_2.1_AY524276	blaSST_1.1_AB008455
blaSCO_1	blaSCO_1.1_EF063111
blaSED1	blaSED1.1_AF321608
blaSFC_1	blaSFC_1.1_AY354402
blaSGM_-	blaSGM_6.1_NG049988	blaSGM_7.1_NG050614
blaSGM_1	blaSGM_1.1_AAQG01000013
blaSGM_2	blaSGM_2.1_AP010803
blaSGM_4	blaSGM_4.1_CP002798
blaSGM_5	blaSGM_5.1_NG049987
blaSHV_-	blaSHV_100.1_AM941846	blaSHV_106.1_AM922307	blaSHV_107.1_AM922308	blaSHV_11.1_X98101	blaSHV_110.1_HQ877615	blaSHV_137.1_HQ661363	blaSHV_156.1_JX121123	blaSHV_16.1_AF072684	blaSHV_173.1_KF513178	blaSHV_182.1_KP050489	blaSHV_183.1_HG934764	blaSHV_187.1_LN515533	blaSHV_188.1_LN515534	blaSHV_191.1_KP868754	blaSHV_204.1_MH243356	blaSHV_27.1_AF293345	blaSHV_28.1_AF299299	blaSHV_32.1_AY037778	blaSHV_43.1_AY065991	blaSHV_45.1_AF547625	blaSHV_51.1_AY289548	blaSHV_55.1_DQ054528	blaSHV_67.1_DQ174307	blaSHV_71.1_AM176546	blaSHV_74.1_AM176549	blaSHV_75.1_AM176550	blaSHV_81.1_AM176556	blaSHV_9.1_S82452	blaSHV_93.1_EF373969	blaSHV_99.1_AM941845
blaSIM_1	blaSIM_1.1_JF731030
blaSMB_1	blaSMB_1.1_AB636283
blaSME_-	blaSME_1.1_Z28968	blaSME_2.1_AF275256	blaSME_3.1_AY584237
blaSPG_1	blaSPG_1.1_KP109680
blaSPM_1	blaSPM_1.1_AY341249
blaSPU_1	blaSPU_1.1_GQ919044
blaTEM_-	blaTEM_10.1_AF093512	blaTEM_101.1_AF495873	blaTEM_102.1_AY040093	blaTEM_104.1_AF516719	blaTEM_105.1_AF516720	blaTEM_106.1_AY101578	blaTEM_107.1_AY101764	blaTEM_108.1_AF506748	blaTEM_109.1_AY628175	blaTEM_11.1_AY874537	blaTEM_110.1_AY072920	blaTEM_111.1_AF468003	blaTEM_112.1_AY589493	blaTEM_113.1_AY589494	blaTEM_114.1_AY589495	blaTEM_115.1_AF535127	blaTEM_116.1_AY425988	blaTEM_12.1_M88143	blaTEM_120.1_AY243512	blaTEM_121.1_AY307374	blaTEM_122.1_AY307100	blaTEM_123.1_AY327539	blaTEM_124.1_AY327540	blaTEM_125.1_AY628176	blaTEM_126.1_AY628199	blaTEM_127.1_AY368236	blaTEM_128.1_AY368237	blaTEM_129.1_AJ746225	blaTEM_130.1_AJ866988	blaTEM_131.1_AY436361	blaTEM_132.1_AY491682	blaTEM_133.1_AY528425	blaTEM_134.1_AY574271	blaTEM_135.1_GQ896333	blaTEM_136.1_AY826417	blaTEM_137.1_AM286274	blaTEM_138.1_AY853593	blaTEM_139.1_DQ072853	blaTEM_141.1_AY956335	blaTEM_142.1_DQ388882	blaTEM_143.1_DQ075245	blaTEM_144.1_AM049400	blaTEM_145.1_DQ105528	blaTEM_146.1_DQ105529	blaTEM_147.1_DQ279850	blaTEM_148.1_AM087454	blaTEM_149.1_DQ369751	blaTEM_15.1_AM849805	blaTEM_150.1_AM183304	blaTEM_151.1_DQ834729	blaTEM_152.1_DQ834728	blaTEM_153.1_KC149518	blaTEM_154.1_FJ807656	blaTEM_155.1_DQ679961	blaTEM_156.1_AM941159	blaTEM_157.1_DQ909059	blaTEM_158.1_EF534736	blaTEM_159.1_EF136376	blaTEM_16.1_X65254	blaTEM_160.1_EF136377	blaTEM_162.1_EF468463	blaTEM_163.1_EU815939	blaTEM_164.1_EU274580	blaTEM_166.1_FJ197316	blaTEM_167.1_FJ360884	blaTEM_168.1_FJ919776	blaTEM_169.1_KP012538	blaTEM_17.1_Y14574	blaTEM_171.1_GQ149347	blaTEM_176.1_GU550123	blaTEM_177.1_FN652295	blaTEM_178.1_X97254	blaTEM_181.1_KM977568	blaTEM_182.1_HQ317449	blaTEM_183.1_HQ529916	blaTEM_184.1_FR848831	blaTEM_185.1_JF795538	blaTEM_186.1_JN227084	blaTEM_187.1_HM246246	blaTEM_188.1_JN211012	blaTEM_189.1_JN254627	blaTEM_19.1_JX042489	blaTEM_190.1_JN416112	blaTEM_191.1_KY432484	blaTEM_193.1_JN935135	blaTEM_194.1_JN935136	blaTEM_195.1_JN935137	blaTEM_196.1_JQ034306	blaTEM_197.1_HQ877606	blaTEM_198.1_AB700703	blaTEM_1A.1_HM749966	blaTEM_1B.1_AY458016	blaTEM_1C.1_FJ560503	blaTEM_1D.1_AF188200	blaTEM_2.1_X54606	blaTEM_2.2_AJ251946	blaTEM_20.1_EU527189	blaTEM_201.1_JX310327	blaTEM_206.1_KC783461	blaTEM_207.1_KC818234	blaTEM_208.1_KC865667	blaTEM_209.1_KF240808	blaTEM_210.1_KJ484630	blaTEM_211.1_KF513179	blaTEM_212.1_KF481968	blaTEM_213.1_LJEE02000034	blaTEM_214.1_KP050491	blaTEM_215.1_KP050492	blaTEM_216.1_KF944358	blaTEM_217.1_HG934763	blaTEM_219.1_KM114268	blaTEM_220.1_KM998962	blaTEM_224.1_KU664545	blaTEM_225.1_KY432403	blaTEM_226.1_KY646301	blaTEM_227.1_KY418040	blaTEM_229.1_MG821356	blaTEM_230.1_MG821377	blaTEM_231.1_MG821378	blaTEM_232.1_MH079593	blaTEM_233.1_MH270416	blaTEM_234.1_MH243353	blaTEM_24.1_GQ293500	blaTEM_26.1_LDCJ01000052	blaTEM_28.1_U37195	blaTEM_29.1_DQ269440	blaTEM_3.1_X64523	blaTEM_30.1_AJ437107	blaTEM_32.1_CXLQ01000061	blaTEM_33.1_GU371926	blaTEM_34.1_KC292503	blaTEM_35.1_KP860986	blaTEM_36.1_KY305958	blaTEM_4.1_LK391770	blaTEM_40.1_FR717535	blaTEM_43.1_U95363	blaTEM_45.1_X95401	blaTEM_47.1_Y10279	blaTEM_48.1_Y10280	blaTEM_49.1_Y10281	blaTEM_52.1_Y13612	blaTEM_52B.1_AF027199	blaTEM_52C.2_EF141186	blaTEM_53.1_AF104441	blaTEM_54.1_AF104442	blaTEM_55.1_DQ286729	blaTEM_57.1_FJ405211	blaTEM_6.1_X57972	blaTEM_60.1_AF047171	blaTEM_63.1_AF332513	blaTEM_67.1_AF091113	blaTEM_68.1_AJ239002	blaTEM_70.1_AF188199	blaTEM_71.1_AF203816	blaTEM_72.1_AF157553	blaTEM_76.1_AF190694	blaTEM_77.1_AF190695	blaTEM_78.1_AF190693	blaTEM_79.1_AF190692	blaTEM_8.1_X65252	blaTEM_80.1_AF347054	blaTEM_81.1_AF427127	blaTEM_82.1_AF427128	blaTEM_83.1_AF427129	blaTEM_84.1_AF427130	blaTEM_85.1_AJ277414	blaTEM_86.1_AJ277415	blaTEM_87.1_AF250872	blaTEM_88.1_AY027590	blaTEM_9.1_KY271103	blaTEM_90.1_AF351241	blaTEM_91.1_AB049569	blaTEM_92.1_AF143804	blaTEM_93.1_AJ318093	blaTEM_94.1_AJ318094	blaTEM_95.1_AJ308558	blaTEM_96.1_AY092401	blaTEM_97.1_AF397067	blaTEM_98.1_AF397068	blaTEM_99.1_AF397066
blaTER_-	blaTER_1.1_FJ263091	blaTER_2.1_FJ263090
blaTLA_1	blaTLA_1.1_AF148067
blaTMB_-	blaTMB_1.1_FR771847	blaTMB_2.1_AB758277
blaTRU	blaTRU.1_EU046614
blaTUS_1	blaTUS_1.1_AF441287
blaVCC_1	blaVCC_1.1_KT818596
blaVEB_-	blaVEB_1.1_HM370393	blaVEB_1.3_DQ393569	blaVEB_1.4_AF324834	blaVEB_2.1_AY027870	blaVEB_3.1_AY536519	blaVEB_4.1_EF136375	blaVEB_5.1_EF420108	blaVEB_6.1_EU259884	blaVEB_7.1_FJ825622	blaVEB_8.1_JX679208
blaVH-	blaVHH_1.1_NG050334	blaVHW_1.1_AF217648
blaVIM_-	blaVIM_1.1_Y18050	blaVIM_10.1_AY524989	blaVIM_11.1_AY605049	blaVIM_12.1_DQ143913	blaVIM_14.1_FJ445404	blaVIM_15.1_EU419745	blaVIM_16.1_EU419746	blaVIM_17.1_EU118148	blaVIM_18.1_AM778091	blaVIM_19.1_FJ499397	blaVIM_2.1_AF302086	blaVIM_20.1_GQ414736	blaVIM_23.1_GQ242167	blaVIM_24.1_HM855205	blaVIM_25.1_HM750249	blaVIM_26.1_FR748153	blaVIM_27.1_HQ858608	blaVIM_28.1_JF900599	blaVIM_29.1_JX311308	blaVIM_3.1_AF300454	blaVIM_30.1_JN129451	blaVIM_31.1_JN982330	blaVIM_32.1_JN676230	blaVIM_33.1_JX258134	blaVIM_34.1_JX013656	blaVIM_35.1_JX982634	blaVIM_36.1_JX982635	blaVIM_37.1_JX982636	blaVIM_38.1_KC469971	blaVIM_39.1_KF131539	blaVIM_4.1_EU581706	blaVIM_40.1_HG934765	blaVIM_41.1_KP771862	blaVIM_42.1_KP071470	blaVIM_43.1_KP096412	blaVIM_44.1_KP681696	blaVIM_45.1_KP681695	blaVIM_46.1_KP749829	blaVIM_48.1_KY362199	blaVIM_49.1_KU663374	blaVIM_5.1_DQ023222	blaVIM_50.1_KU663375	blaVIM_51.1_KU746270	blaVIM_52.1_KX349731	blaVIM_54.1_KY508061	blaVIM_56.1_MG834535	blaVIM_57.1_MH450217	blaVIM_6.1_AY165025	blaVIM_8.1_AY524987	blaVIM_9.1_AY524988
blaVIM_-_1	blaVIM_13.1_DQ365886	blaVIM_47.1_KT954134
blaVIM_7	blaVIM_7.1_AJ536835
blaZ	blaZ.12_M15195
blaZ_1	blaZ.100_LTMH01000008	blaZ.101_LTLP01000099	blaZ.102_MLQA01000023	blaZ.103_FQSJ01000009	blaZ.104_FQHI01000006	blaZ.105_FQJS01000007	blaZ.106_FQHX01000011	blaZ.107_FQDM01000011	blaZ.108_FQPO01000005	blaZ.109_AOAS01000022	blaZ.110_AJCZ01000013	blaZ.111_AJCN01000010	blaZ.112_AKGL01000044	blaZ.113_AHVS01000008	blaZ.114_NC_013379	blaZ.115_FN433596	blaZ.116_NC_013348	blaZ.117_ACHE01000004	blaZ.118_NC_004461	blaZ.119_NZ_CANQ01000029	blaZ.11_AJ400722	blaZ.120_NZ_ALWG01000005	blaZ.121_AIWM01000014	blaZ.122_NZ_AJGE01000057	blaZ.123_NC_013653	blaZ.124_NC_013944	blaZ.125_CP003194	blaZ.126_NC_013374	blaZ.127_ACFR01000018	blaZ.128_GQ900471	blaZ.129_CP003194	blaZ.130_AHKZ01000073	blaZ.131_GQ900485	blaZ.132_AHVO01000010	blaZ.133_AIDT01000014	blaZ.134_NZ_AJGE01000047	blaZ.135_AB811795	blaZ.136_NZ_ALWE01000009	blaZ.137_GQ915265	blaZ.138_CP003979	blaZ.13_KF471116	blaZ.14_JBAG01000015	blaZ.15_JAZQ01000018	blaZ.16_JBTH01000015	blaZ.17_JDDF01000008	blaZ.18_JBQW01000016	blaZ.19_JBMK01000007	blaZ.1_CP000704	blaZ.20_JBVX01000014	blaZ.21_JGQH01000014	blaZ.22_JCHI01000035	blaZ.23_JBND01000015	blaZ.24_JBLQ01000018	blaZ.25_JBKK01000017	blaZ.26_JBJP01000007	blaZ.27_JDGZ01000043	blaZ.28_JDYO01000009	blaZ.29_JDXN01000019	blaZ.2_CP000731	blaZ.30_JGUQ01000012	blaZ.31_JIFU01000008	blaZ.32_JINH01000005	blaZ.33_JIXQ01000012	blaZ.34_JJAO01000008	blaZ.35_JIVZ01000012	blaZ.36_JITV01000006	blaZ.37_JIFD01000012	blaZ.38_NZ_JEMM01000040	blaZ.39_JHTU01000073	blaZ.3_CP000732	blaZ.40_NZ_AZBT01000050	blaZ.41_AENR01000015	blaZ.42_CCEE01000006	blaZ.43_NZ_CAVU010000015	blaZ.44_NZ_JWJJ01000015	blaZ.45_CP010941	blaZ.46_CP010944	blaZ.47_NZ_JYGF01000020	blaZ.48_CFPA01000022	blaZ.49_CVLS01000543	blaZ.4_X04121	blaZ.50_KR230047	blaZ.51_NZ_JVWO01000108	blaZ.53_NZ_JUXQ01000001	blaZ.54_NZ_JVRB01000003	blaZ.55_NZ_JVLY01000044	blaZ.56_NZ_JUMU01000089	blaZ.57_NZ_JURP01000126	blaZ.58_NZ_JUUA01000057	blaZ.59_NZ_JVBT01000063	blaZ.5_AJ302698	blaZ.60_NZ_JVML01000111	blaZ.61_NZ_JVAT01000021	blaZ.62_NZ_JVOH01000023	blaZ.63_NZ_JUMX01000103	blaZ.64_CSJB01000017	blaZ.65_CSEV01000005	blaZ.66_CSGM01000014	blaZ.67_NZ_CTTL01000039	blaZ.68_NZ_CUHK01000055	blaZ.69_NZ_CUHB01000033	blaZ.6_AP003139	blaZ.70_NZ_CUEK01000047	blaZ.71_NZ_CUGR01000082	blaZ.72_NZ_CUHG01000035	blaZ.73_CYNA01000004	blaZ.74_CZWI01000159	blaZ.75_LNTF01000008	blaZ.76_FFOR01000002	blaZ.77_FGNH01000009	blaZ.78_KU607301	blaZ.79_KU607584	blaZ.7_AP004832	blaZ.80_KU607855	blaZ.81_FGJZ01000020	blaZ.82_FGSJ01000003	blaZ.83_FGWO01000019	blaZ.84_FHDH01000010	blaZ.85_NZ_FHDT01000016	blaZ.86_AIZE01000023	blaZ.87_NZ_LRNC01000042	blaZ.88_FKTX01000011	blaZ.89_FKPS01000007	blaZ.90_FKVU01000010	blaZ.91_FKQH01000022	blaZ.92_FKWG01000001	blaZ.93_FKQA01000038	blaZ.94_LYRW01000005	blaZ.95_MAJJ01000071	blaZ.96_LNDI01000019	blaZ.97_FMOK01000003	blaZ.98_LTEF01000041	blaZ.99_LTNH01000008	blaZ.9_DQ269019
blaZ_2	blaZ.10_FR823292	blaZ.8_HE993884
car_A_	car_A_.1_M80346
cat	cat.4_AY238971
cat-	cat.5_U35036	cat_pC233_.1_AY355285
cat86	cat86.1_K00544
catA1	catA1.1_V00622
catA2	catA2.1_X53796
catA3	catA3.1_X07848
catB	catB.1_M93113
catB1	catB1.1_M58472
catB10	catB10.1_AJ878850
catB2	catB2.1_AF047479
catB3	catB3.1_AJ009818	catB3.2_U13880
catB7	catB7.1_AF036933
catB8	catB8.1_AF227506
catB9	catB9.1_AF462019
catP	catP.1_U15027
catQ	catQ.1_M55620
cat_1	cat.1_M11587
cat_2	cat.3_S48276
cat_3	cat.2_M35190
cat_pC194_	cat_pC194_.1_NC_002013
cat_pC221_	cat_pC221_.1_X02529
cepA-	cepA.1_L13472	cepA.1_U05887	cepA.6_FR688022	cepA_29.1_U05884	cepA_44.1_U05885	cepA_49.1_U05886
cfiA-	cfiA1.1_AB087225	cfiA10.1_AB087227	cfiA13.1_FM200787	cfiA14.1_FM200789	cfiA2.1_AB087226	cfiA3.1_AB087228	cfiA4.1_AB087229	cfiA6.1_AB087231	cfiA8.1_AB087233	cfiA9.1_AB087234
cfr	cfr.1_AM408573	cfr.1_AM408573_2	cfr.1_AM408573_3	cfr.2_AJ879565	cfr.2_AJ879565_2	cfr.2_AJ879565_3
cfr_B_	cfr_B_.1_KM359439	cfr_B_.2_KM359438	cfr_B_.3_KR610408	cfr_B_.3_KR610408_2
cfr_C_	cfr_C_.1_KX686749	cfr_C_.2_CANB01000378
cfxA-	cfxA.1_U38243	cfxA2.1_AF504914	cfxA3.1_AF472622	cfxA4.1_AY769933	cfxA5.1_AY769934
cfxA6	cfxA6.1_GQ342996
cml-	cml.1_M22614	cmlA1.1_M64556	cmlA1.2_AB212941
cmlB1	cmlB1.1_AM296481
cmlV	cmlV.1_U09991
cmr	cmr.1_U43535
cmrA	cmrA.1_Z12001
cmx	cmx.1_U85507
cphA1+	blaCEPH_A3.1_AY112998	cphA1.1_AY261379	cphA1.2_AY261377	cphA1.3_AY261378	cphA1.4_AY261376	cphA1.7_X57102	cphA2.6_AHU60294	cphA4.1_AY227050	cphA5.1_AY227051	cphA6.1_AY227052	cphA7.1_AY227053	cphA8.1_AY261375	imiH.1_AJ548797	imiS.1_Y10415
crpP	crpP.1_HM560971
dfrA-	dfrA17.10_AM937244	dfrA17.11_JN645876	dfrA17.1_FJ460238	dfrA17.2_JN645879	dfrA17.3_JQ414038	dfrA17.4_JQ837988	dfrA17.5_GU358475	dfrA17.6_AF180469	dfrA17.7_AB196349	dfrA17.8_AM932673	dfrA17.9_FJ807902	dfrA7.1_AB161450	dfrA7.2_AJ884724	dfrA7.3_EU339235	dfrA7.4_FN563072	dfrA7.5_AJ419170
dfrA-_1	dfrA13.1_Z50802	dfrA21.1_AY552589	dfrA22.1_KC200566	dfrA22.2_KF525301	dfrA22.3_FM957884	dfrA22.4_AJ628423	dfrA22.5_AJ968952	dfrA33.1_FM957884
dfrA-_2	dfrA30.1_AM997279	dfrA5.1_X12868	dfrA5.2_FJ001870	dfrA5.3_KF030794	dfrA5.4_AY139589
dfrA-_3	dfrA31.1_AB200915	dfrA6.1_Z86002	dfrA6.2_FJ905898
dfrA1	dfrA1.7_AJ400733
dfrA1-	dfrA18.1_AJ310778	dfrA19.1_EU855687
dfrA10	dfrA10.1_L06418
dfrA12	dfrA12.10_FM877486	dfrA12.1_FJ763641	dfrA12.2_KJ546436	dfrA12.3_KJ568502	dfrA12.4_EU650399	dfrA12.5_FR875302	dfrA12.6_AY551331	dfrA12.7_AB196348	dfrA12.8_AM040708	dfrA12.9_DQ995286
dfrA14	dfrA14.1_KF921535	dfrA14.2_Z50805	dfrA14.3_Z50804	dfrA14.4_AF393510	dfrA14.5_DQ388123
dfrA15	dfrA15.1_AF156486	dfrA15.2_AF221900	dfrA15.3_DQ647028	dfrA15.4_AJ867237
dfrA16	dfrA16.1_AF077008	dfrA16.2_AF174129	dfrA16.3_AY878718	dfrA16.4_EU158182
dfrA1_1	dfrA1.10_AF203818	dfrA1.11_AJ419168	dfrA1.12_AY141977	dfrA1.13_DQ018382	dfrA1.14_AB199789	dfrA1.15_FM207631	dfrA1.16_FJ001872	dfrA1.17_FJ489928	dfrA1.1_FJ591049	dfrA1.2_HM055363	dfrA1.3_GU726913	dfrA1.4_AB188271	dfrA1.5_EU089668	dfrA1.6_FJ215857	dfrA1.8_X00926	dfrA1.9_AJ238350
dfrA2-	dfrA27.1_FJ459817	dfrA28.2_FM877476
dfrA20	dfrA20.1_AJ605332
dfrA23	dfrA23.1_AJ746361
dfrA24	dfrA24.1_AJ972619
dfrA25	dfrA25.1_DQ267940
dfrA26	dfrA26.1_AM403715
dfrA3	dfrA3.1_J03306
dfrA32	dfrA32.1_GU067642
dfrA8	dfrA8.1_U10186
dfrA9	dfrA9.1_X57730
dfrB-	dfrB1.1_U36276	dfrB1.2_AM993098	dfrB5.1_AY943084	dfrB6.1_DQ274503	dfrB8.1_GU295656
dfrB2	dfrB2.1_J01773	dfrB2.2_AY553333
dfrB3	dfrB3.1_X72585	dfrB3.2_FM877478
dfrB4	dfrB4.1_AJ429132	dfrB4.2_EU339233	dfrB4.3_HQ317921
dfrB7	dfrB7.1_DQ993182
dfrD	dfrD.1_Z50141
dfrG	dfrG.1_AB205645
dfrK	dfrK.1_FN377602	dfrK.2_FN677369	dfrK.3_FN812951
ere_A_	ere_A_.1_AY183453	ere_A_.2_AF099140	ere_A_.3_AF326209	ere_A_.4_AF512546	ere_A_.5_FN396877	ere_A_.6_DQ157752
ere_B_	ere_B_.1_A15097	ere_B_.2_X03988
ere_D_	ere_D_.1_KP265721
erm_30_	erm_30_.1_AF079138
erm_31_	erm_31_.1_AF079138
erm_32_	erm_32_.1_AJ009971
erm_33_	erm_33_.1_AJ579365
erm_34_	erm_34_.1_AY234334
erm_35_	erm_35_.1_AF319779
erm_36_	erm_36_.1_AF462611
erm_37_	erm_37_.1_AL123456
erm_38_	erm_38_.1_AY154657
erm_39_	erm_39_.1_AY487229
erm_40_	erm_40_.1_AY570506
erm_41_	erm_41_.1_EU177504
erm_42_	erm_42_.1_FR734406	erm_42_.2_AB601890
erm_43_	erm_43_.1_HE650138
erm_44_	erm_44_.1_HG796218
erm_44_v	erm_44_v.1_LN623525
erm_45_	erm_45_.1_LN680996
erm_46_	erm_46_.1_KM679362
erm_47_	erm_47_.1_KU612222
erm_48_	erm_48_.1_LT223129
erm_A_	erm_A_.1_X03216
erm_A__1	erm_A_.2_AF002716
erm_B_	erm_B_.10_U86375	erm_B_.11_M19270	erm_B_.12_U18931	erm_B_.15_U48430	erm_B_.18_X66468	erm_B_.1_JN899585	erm_B_.20_AF109075	erm_B_.21_U35228	erm_B_.23_X72021	erm_B_.26_AF080450	erm_B_.2_K00551	erm_B_.6_AF242872	erm_B_.9_AF299292
erm_C_	erm_C_.10_Y09002	erm_C_.12_Y09003	erm_C_.13_M13761	erm_C_.14_M12730	erm_C_.15_U82607	erm_C_.16_AF019140	erm_C_.1_V01278	erm_C_.2_M19652	erm_C_.3_M17990	erm_C_.9_Y09001
erm_D_	erm_D_.1_M29832	erm_D_.2_L08389	erm_D_.3_M77505
erm_E_	erm_E_.1_X51891
erm_E__1	erm_E_.2_M11200
erm_F_	erm_F_.1_M14730	erm_F_.3_M17808	erm_F_.4_M62487
erm_G_	erm_G_.1_M15332	erm_G_.2_L42817
erm_H_	erm_H_.1_M16503
erm_N_	erm_N_.1_X97721
erm_O_	erm_O_.1_M74717
erm_O__1	erm_O_.2_AJ223970
erm_Q_	erm_Q_.1_L22689
erm_R_	erm_R_.1_M11276
erm_S_	erm_S_.1_M19269
erm_T_	erm_T_.4_AJ488494
erm_T__1	erm_T_.1_M64090	erm_T_.2_AY894138	erm_T_.3_AF310974
erm_U_	erm_U_.1_NG_047843
erm_W_	erm_W_.1_D14532
erm_X_	erm_X_.1_M36726	erm_X_.2_X51472	erm_X_.3_U21300	erm_X_.4_NC_005206
erm_Y_	erm_Y_.1_AB014481
erm_Z_	erm_Z_.1_AM709783
fexA	fexA.1_AJ549214	fexA.2_AM408573
fexB	fexB.1_JN201336
floR	floR.1_AF071555	floR.2_AF118107
fomA	fomA.1_AB016934
fos	fos.2_FN543093
fosA	fosA.2_AGDM01000012
fosA-	fosA.1_M85195	fosA.7_AEXB01000013	fosA2.1_EU487198
fosA-_1	fosA.3_ACWO01000079	fosA.5_AFBO01000747	fosA.6_ACZD01000244	fosA5.1_EU195449
fosA3	fosA3.1_AB522970
fosA7	fosA7.1_LAPJ01000014
fosA_1	fosA.4_ACWU01000146
fosB	fosB.3_ACHE01000077	fosB.4_CP000029
fosB-	fosB.1_X54227	fosB.2_X89875	fosB3.1_HQ219726	fosB4.1_KR870311	fosB5.1_KT032253	fosB6.1_KR870314
fosB1	fosB1.1_CP001903
fosB2	fosB2.1_AE016879
fosB_1	fosB.5_AJ605334
fosC	fosC.1_Z33413
fosC2	fosC2.1_AB522969
fosD	fosD.1_KC989517
fosE	fosE.1_AB901041	fosE.2_AY029772
fosF	fosF.1_AY294333
fosG	fosG.1_DQ112222
fosK	fosK.1_AB917040
fosX	fosX.1_AP010904
fosX_1	fosX.3_CP003505
fosX_2	fosX.2_AL591981
fosX_3	fosX.4_DQ342344
fos_1	fos.1_ACCV01000052
fusB	fusB.1_AM292600	fusB.3_JF777505
grm-	grmA.1_M55520	grmB.1_M55521
grmO	grmO.1_AY524043
hugA	hugA.1_AF324468
kamB	kamB.1_AJ629123
kgmB	kgmB.1_S60108
kmr	kmr.1_ENA_ACB88605
lmr_A_	lmr_A_.1_X59926
lnu_A_	lnu_A_.1_M14039
lnu_B_	lnu_B_.1_AJ238249	lnu_B_.2_JQ861959
lnu_C_	lnu_C_.1_AY928180
lnu_D_	lnu_D_.1_EF452177
lnu_E_	lnu_E_.1_KF287643
lnu_F_	lnu_F_.1_EU118119	lnu_F_.2_DQ836009	lnu_F_.3_AJ561197
lnu_G_	lnu_G_.1_KX470419
lnu_P_	lnu_P_.1_FJ589781
lsa_A_	lsa_A_.1_AY225127	lsa_A_.3_AY737526
lsa_B_	lsa_B_.1_AJ579365
lsa_C_	lsa_C_.1_HM990671
lsa_E_	lsa_E_.1_JX560992
mcr_1	mcr_1.1.1_KP347127	mcr_1.10.1_MF176238	mcr_1.11.1_KY853650	mcr_1.12.1_LC337668	mcr_1.13.1_MG384739	mcr_1.14.1_LS398440	mcr_1.2.1_KX236309	mcr_1.3.1_KU934208	mcr_1.4.1_KY041856	mcr_1.5.1_KY283125	mcr_1.6.1_KY352406	mcr_1.7.1_KY488488	mcr_1.8.1_KY683842	mcr_1.9.1_KY964067
mcr_2	mcr_2.1.1_LT598652	mcr_2.2.1_MF176239
mcr_3	mcr_3.1.1_KY924928	mcr_3.10.1_MG214531	mcr_3.11.1_MG489958	mcr_3.12.1_MG564491	mcr_3.13.1_MH332763	mcr_3.14.1_MH332764	mcr_3.15.1_MH332765	mcr_3.16.1_MH332766	mcr_3.18.1_MH332768	mcr_3.19.1_NG055497	mcr_3.2.1_NMWW01000143	mcr_3.20.1_NG055493	mcr_3.21.1_NG060582	mcr_3.22.1_NG060581	mcr_3.23.1_NG060583	mcr_3.24.1_NG060580	mcr_3.25.1_NG060585	mcr_3.3.1_MF495680	mcr_3.4.1_FLXA01000011	mcr_3.5.1_MF489760	mcr_3.6.1_MF598076	mcr_3.7.1_MF598077	mcr_3.8.1_MF598078	mcr_3.9.1_MF598080
mcr_3_1	mcr_3.17.1_MH332767
mcr_4	mcr_4.1.1_MF543359	mcr_4.2.1_MG822663	mcr_4.3.1_MG026621	mcr_4.4.1_MG822665	mcr_4.5.1_MG822664	mcr_4.6.1_MH423812
mcr_5	mcr_5.1.1_KY807921	mcr_5.2.1_MG384740
mcr_6	mcr_6.1.1_MF176240
mcr_7	mcr_7.1.1_MG267386
mcr_8	mcr_8.1_MG736312
mdf_A_	mdf_A_.1_Y08743
mdt_A_	mdt_A_.1_X92946
mecA-	mecA.1_NC_002745	mecA.2_NC_002951	mecA.3_Y13095	mecA.4_AB546266	mecA.5_AB546267	mecA.6_BX571856	mecA.7_HE861945	mecA.8_NC_007168	mecA.9_AB505630	mecA2.1_AM048811	mecA2.2_AB546780
mecA1	mecA1.1_AB547235	mecA1.2_AY820253	mecA1.3_Y13094	mecA1.4_AB547236	mecA1.5_AB547234
mecB	mecB.1_NC_011996
mecC-	mecC.1_FR821779	mecC.2_FR823292	mecC.3_KR732654	mecC.4_HG515014	mecC2.1_KF955540
mecD	mecD.1_KY013611
mef_A_	mef_A_.1_AJ971089	mef_A_.2_U83667	mef_A_.3_AF227520	mef_A_.4_HG423652
mef_B_	mef_B_.1_FJ196385
mef_C_	mef_C_.1_AB571865
mph_A_	mph_A_.1_D16251	mph_A_.2_U36578
mph_B_	mph_B_.1_D85892
mph_C_	mph_C_.1_AB013298	mph_C_.2_AF167161	mph_C_.3_AM180068	mph_C_.4_AM397632	mph_C_.5_AM180067
mph_E_	mph_E_.1_DQ839391	mph_E_.2_JF769133
mph_F_	mph_F_.1_AM260957
mph_G_	mph_G_.1_AB571865
mph_I_	mph_I_.1_KX531056
mph_J_	mph_J_.1_KY753883
mph_K_	mph_K_.1_NC_000964
mph_N_	mph_N_.1_KF648874
mre_A_	mre_A_.1_U92073
msr_A_	msr_A_.1_X52085	msr_A_.2_AB013298
msr_C_	msr_C_.1_AY004350	msr_C_.2_AF313494
msr_D_	msr_D_.2_AF274302	msr_D_.3_AF227520
msr_E_	msr_E_.1_FR751518
nimA	nimA.1_X71444
nimB	nimB.1_X71443
nimC	nimC.1_X76948
nimD	nimD.1_X76949
nimJ	nimJ.1_NZ_JH815495
npmA	npmA.1_AB261016
ole_B_	ole_B_.1_L36601
ole_C_	ole_C_.1_L06249
optrA	optrA.10_KT601170	optrA.11_KX620934	optrA.12_KX620936	optrA.13_KX620939	optrA.14_KX620941	optrA.15_KX620942	optrA.16_AMBD01000029	optrA.17_ALZI01000051	optrA.18_ALMH01000001	optrA.19_ALMN01000021	optrA.1_KP399637	optrA.20_ALMZ01000078	optrA.2_KT862781	optrA.3_KT862780	optrA.4_KT862777	optrA.5_KT862783	optrA.6_KT862784	optrA.7_KT862775	optrA.8_KT862782	optrA.9_KT892063
oqxA	oqxA.1_EU370913
oqxB	oqxB.1_EU370913
otr_A_	otr_A_.1_X53401
otr_B_	otr_B_.1_AF079900
otr_C_	otr_C_.1_AY509111
penA	penA.1_AF515059
pexA	pexA.1_HM537013
poxtA	poxtA.1_MF095097
qepA-	qepA.1_FJ167861	qepA1.1_AB263754	qepA2.1_EU847537	qepA3.1_JQ064560	qepA4.1_KX580704
qnrA-	qnrA1.1_AY070235	qnrA2.1_AY675584	qnrA3.1_DQ058661	qnrA4.1_DQ058662	qnrA5.1_DQ058663	qnrA6.1_DQ151889	qnrA7.1_GQ463707	qnrA8.1_KY554783
qnrB-	qnrB1.1_DQ351241	qnrB10.1_DQ631414	qnrB10.2_HM439644	qnrB13.1_EU273755	qnrB14.1_EU273757	qnrB15.1_EU302865	qnrB16.1_EU136183	qnrB17.1_JN173051	qnrB17.2_AM919398	qnrB18.1_AM919399	qnrB19.1_EU432277	qnrB2.1_DQ351242	qnrB20.1_AB379831	qnrB23.1_FJ981622	qnrB24.1_HM192542	qnrB26.1_HQ386846	qnrB29.1_HM439649	qnrB3.1_DQ303920	qnrB30.1_HM439650	qnrB31.1_HQ418999	qnrB32.1_JN173054	qnrB36.1_JN173058	qnrB40.1_JN166689	qnrB42.1_JN680743	qnrB48.1_JQ762640	qnrB49.1_JQ582718	qnrB5.1_DQ303919	qnrB50.1_JX440357	qnrB51.1_JX440358	qnrB52.1_EF488762	qnrB54.1_HE820727	qnrB56.1_JX259317	qnrB57.1_JX259318	qnrB58.1_JX259319	qnrB59.1_JX259320	qnrB6.1_EF520349	qnrB6.2_EF523819	qnrB61.1_AB734053	qnrB62.1_JX987101	qnrB64.1_KC580653	qnrB66.1_KC580655	qnrB67.1_KC580656	qnrB68.1_KC580657	qnrB7.1_EU043311	qnrB70.1_KC580659	qnrB71.1_KC580660	qnrB72.1_KC741443	qnrB74.1_KJ415247	qnrB75.1_KP207591	qnrB76.1_KM985469	qnrB77.1_KM985470	qnrB78.1_KM985471	qnrB80.1_KM985473	qnrB81.1_KX372671	qnrB82.1_KX372672	qnrB9.1_EF526508
qnrB-_1	qnrB11.1_EF653270	qnrB12.2_AM774474	qnrB22.1_FJ981621	qnrB34.1_JN173056	qnrB37.1_JN173059	qnrB39.1_ABWL02000005	qnrB4.1_DQ303921	qnrB55.1_KF730650	qnrB65.1_KC580654	qnrB69.1_KC580658
qnrB-_2	qnrB21.1_FJ611948	qnrB25.1_HQ172108	qnrB27.1_HM439641	qnrB28.1_HM439643	qnrB33.1_JN173055	qnrB35.1_JN173057	qnrB38.1_JN173060	qnrB60.1_AB734055	qnrB73.1_KF443075	qnrB8.1_EU043312
qnrB53	qnrB53.1_HQ704413
qnrC	qnrC.1_EU917444
qnrD-	qnrD1.1_FJ228229	qnrD2.1_KF055448	qnrD3.1_KX130945
qnrE1	qnrE1.1_KY073238
qnrS-	qnrS1.1_AB187515	qnrS4.1_FJ418153	qnrS5.1_HQ631377	qnrS7.1_KF730651	qnrS8.1_KF730652	qnrS9.1_KF732714
qnrS-_1	qnrS2.1_DQ485530	qnrS6.1_HQ631376
qnrVC-	qnrVC1.1_EU436855	qnrVC3.1_HM015626	qnrVC6.1_KC202804
qnrVC-_1	qnrVC4.1_GQ891757	qnrVC5.1_JN408080	qnrVC7.1_KM555152
rmtA	rmtA.1_AB120321
rmtB-	rmtB.1_AB103506	rmtB2.1_JN968578
rmtC	rmtC.1_AB194779
rmtD-	rmtD.1_DQ914960	rmtD2.1_HQ401565
rmtE	rmtE.1_GU201947
rmtF	rmtF.1_JQ808129
rmtG	rmtG.1_JX486113
rmtH	rmtH.1_KC544262
sal_A_	sal_A_.1_KC693025
sgm	sgm.1_M87057
srm_B_	srm_B_.1_X63451
str	str.1_X92946	str.2_FN435330
sul1	sul1.10_DQ143913	sul1.11_DQ914960	sul1.14_AJ517791	sul1.15_EF667294	sul1.17_AM746675	sul1.18_AY260546	sul1.19_DQ125241	sul1.20_JF262165	sul1.21_AJ971344	sul1.22_AY115475	sul1.23_AJ621187	sul1.24_EU117158	sul1.25_AY878717	sul1.26_AY524415	sul1.27_GU562437	sul1.28_JN790946	sul1.29_AJ746361	sul1.2_U12338	sul1.30_JF262178	sul1.31_AM040449	sul1.32_EF592571	sul1.33_AJ564903	sul1.34_AY047357	sul1.35_AB281182	sul1.36_X15024	sul1.37_AF188331	sul1.38_BX248359	sul1.39_AY522923	sul1.3_EU855787	sul1.5_EU780013	sul1.7_FJ715937	sul1.8_JN581942	sul1.9_AY963803
sul2	sul2.10_AM183225	sul2.11_AY232670	sul2.12_AF497970	sul2.13_AJ289135	sul2.14_AJ514834	sul2.15_FJ968160	sul2.17_U57647	sul2.18_AJ830714	sul2.19_AJ319822	sul2.1_AF542061	sul2.20_AJ830710	sul2.21_AB366440	sul2.2_AY034138	sul2.3_HQ840942	sul2.5_AY524415	sul2.6_FN995456	sul2.7_HM486907	sul2.8_AJ877041	sul2.9_FJ197818
sul3	sul3.2_AJ459418
tcr3	tcr3.1_D38215
tet	tet.1_M74049
tetA_46_	tetA_46_.1_HQ652506
tetA_60_	tetA_60_.1_KX000272
tetA_P_	tetA_P_.1_AB054980	tetA_P_.2_L20800	tetA_P_.3_AB001076
tetB_46_	tetB_46_.1_HQ652506
tetB_60_	tetB_60_.1_KX000273
tetB_P_	tetB_P_.1_NC_010937
tet_-	tet_M_.10_EU182585	tet_M_.11_JN846696	tet_M_.12_FR671418	tet_M_.13_AM990992	tet_M_.1_X92947	tet_M_.2_X90939	tet_M_.3_U08812	tet_M_.4_X75073	tet_M_.5_U58985	tet_M_.6_M21136	tet_M_.7_FN433596	tet_M_.8_X04388	tet_M_.9_X56353	tet_S_M_.1_HM367711
tet_-_1	tet_O_W_32_O_.1_EF065523	tet_O_W_32_O_.2_FM164392	tet_O_W_32_O_.5_JQ740053	tet_O_W_32_O_W_O_.1_DQ525023	tet_O_W_32_O_W_O_.2_DQ679926	tet_O_W_O__1.1_AY196921	tet_W_32_O_.1_AM710601	tet_W_32_O_.2_AM710602	tet_W_32_O_.3_AM710603	tet_W_32_O_.4_AM710605
tet_-_2	tet_O_W_O__2.1_AY196920	tet_O_W_O__3.1_EF065524	tet_O_W__1.1_AY485126	tet_O_W__2.1_AY485122	tet_W_.1_DQ060146
tet_30_	tet_30_.1_AF090987
tet_31_	tet_31_.1_GQ283908	tet_31_.2_AJ250203
tet_32_	tet_32_.1_EU722333	tet_32_.2_EF626943
tet_33_	tet_33_.1_AY255627	tet_33_.2_DQ390458
tet_34_	tet_34_.1_AB061440
tet_35_	tet_35_.1_AF353562
tet_36_	tet_36_.1_AJ514254
tet_37_	tet_37_.1_AF540889
tet_39_	tet_39_.1_KT346360
tet_40_	tet_40_.1_FJ158002	tet_40_.2_AM419751
tet_41_	tet_41_.1_AY264780
tet_42_	tet_42_.1_EU523697
tet_43_	tet_43_.1_GQ244501
tet_44_	tet_44_.1_NZ_ABDU01000081	tet_44_.2_FN594949
tet_45_	tet_45_.1_JF837331
tet_47_	tet_47_.1_KR857681
tet_48_	tet_48_.1_KR857682
tet_49_	tet_49_.1_KR857683
tet_50_	tet_50_.1_KR857684
tet_51_	tet_51_.1_KR857685
tet_52_	tet_52_.1_KR857686
tet_53_	tet_53_.1_KR857687
tet_54_	tet_54_.1_KR857688
tet_55_	tet_55_.1_KR857689
tet_57_	tet_57_.1_KP137702
tet_59_	tet_59_.1_KU736878
tet_A_	tet_A_.1_AJ313332	tet_A_.2_X00006	tet_A_.3_AY196695	tet_A_.4_AJ517790	tet_A_.5_AJ419171	tet_A_.6_AF534183
tet_B_	tet_B_.1_AP000342	tet_B_.2_AF326777	tet_B_.3_AJ277653
tet_C_	tet_C_.1_NC_003123	tet_C_.2_AY046276	tet_C_.3_AF055345
tet_D_	tet_D_.1_AF467077	tet_D_.2_X65876
tet_E_	tet_E_.2_L06940	tet_E_.3_CP000645
tet_G_	tet_G_.1_AF133139	tet_G_.2_AF133140	tet_G_.3_S52437
tet_H_	tet_H_.1_Y16103	tet_H_.2_AJ245947	tet_H_.3_Y15510	tet_H_.4_U00792
tet_J_	tet_J_.1_ACLE01000065	tet_J_.2_AF038993
tet_K_	tet_K_.1_U38656	tet_K_.2_J01764
tet_L_	tet_L_.1_HM235948
tet_L__1	tet_L_.2_M29725	tet_L_.3_M11036	tet_L_.4_D00006	tet_L_.7_X60828	tet_L_.8_AY081910
tet_L__2	tet_L_.5_X08034	tet_L_.6_D12567
tet_O_-	tet_O_.1_M18896	tet_O_.2_M20925	tet_O_.3_Y07780	tet_O_32_O_.3_NZ_AUJS01000017	tet_O_32_O_.4_AIOQ01000025	tet_O_32_O_.5_FP929050
tet_O_32_O_	tet_O_32_O_.1_JQ740052	tet_O_32_O_.2_AJ295238
tet_Q_	tet_Q_.1_L33696	tet_Q_.2_X58717	tet_Q_.3_U73497	tet_Q_.4_Z21523
tet_S_-	tet_S_.1_DQ377340	tet_S_.2_L09756	tet_S_.3_X92946	tet_S_M_.2_AY534326
tet_T_	tet_T_.1_L42544	tet_T_.2_AY660530
tet_V_	tet_V_.1_AF030344
tet_W_	tet_W_.2_AY049983	tet_W_.3_AJ427421	tet_W_.4_FN396364	tet_W_.5_AJ427422
tet_X_	tet_X_.1_GU014535	tet_X_.2_M37699
tet_X__1	tet_X_.3_AB097942
tet_Y_	tet_Y_.1_EF495198	tet_Y_.2_AB089606
tet_Z_	tet_Z_.1_AF121000
tlr_C_	tlr_C_.1_M57437
tva_A_	tva_A_.1_ENA_SOX29786
vat_A_	vat_A_.1_L07778
vat_B_	vat_B_.1_U19459
vat_C_	vat_C_.1_AF015628
vat_D_	vat_D_.1_L12033
vat_E_	vat_E_.10_AY043212	vat_E_.11_AY043213	vat_E_.3_AF153312	vat_E_.5_AJ488494	vat_E_.7_AY043211	vat_E_.8_AY043209	vat_E_.9_AY043210
vat_F_	vat_F_.1_AF170730
vat_H_	vat_H_.1_GQ205627
vga_A_-	vga_A_.1_M90056	vga_A_.2_FN546261	vga_A_.3_JQ312422	vga_A_LC.1_GQ891882	vga_A_LC.2_DQ823382	vga_A_LC.3_FN806791	vga_A_LC.4_JQ312423
vga_A_V	vga_A_V.1_AF186237
vga_B_	vga_B_.1_U82085
vga_C_	vga_C_.1_FN806792
vga_D_	vga_D_.1_GQ205627
vga_E_	vga_E_.1_FR772051
vgb_A_	vgb_A_.1_M20129
vgb_B_	vgb_B_.1_AF015628
